codgeo;libgeo;an;apl_mg_65_hmep
00151;Lécluse;2018;2,50
00152;Olonzac;2018;3,00
00153;Cussey-sur-l'Ognon;2018;3,80
00154;Aumale;2018;2,80
00155;Gouy-sous-Bellonne;2018;3,10
00156;Bessé-sur-Braye;2018;2,30
00157;Incheville;2018;3,60
00158;Gamaches;2018;3,20
00159;Entre-deux-Guiers;2018;2,40
00160;Sablons;2018;4,00
00161;Arleux;2018;2,90
00162;Blangy-sur-Bresle;2018;3,30
00163;Vayrac;2018;3,80
00164;Saint-Georges-sur-Cher;2018;3,00
00165;Seyssel;2018;1,60
00166;Saint-Ouen-de-Thouberville;2018;3,50
00167;Châtenois-les-Forges;2018;4,30
00251;Pontacq;2018;3,00
00252;Plestin-les-Grèves;2018;3,50
00253;Ivry-la-Bataille;2018;2,80
00254;Montréjeau;2018;3,30
00255;Descartes;2018;2,80
00256;Chazelles-sur-Lyon;2018;3,80
00257;Chauffailles;2018;2,50
00258;Chagny;2018;2,90
00259;Castillon-la-Bataille;2018;3,40
00260;Aire-sur-l'Adour;2018;3,60
00261;Terrasson-Lavilledieu;2018;2,30
00262;Raon-l'Étape;2018;3,80
00263;Condé-en-Normandie;2018;3,20
00264;Beaucourt;2018;2,50
00265;Le Malesherbois;2018;2,50
00266;Souppes-sur-Loing;2018;2,50
00267;Carhaix-Plouguer;2018;3,10
00268;Saint-Rambert-d'Albon;2018;2,90
00269;Pontcharra;2018;4,00
00270;Digoin;2018;2,30
00351;Brassac-les-Mines;2018;4,10
00352;Montpon-Ménestérol;2018;3,30
00353;Saint-Vallier;2018;3,40
00354;Épernon;2018;2,80
00355;Ézy-sur-Eure;2018;2,70
00356;Saint-Lubin-des-Joncherets-Nonancourt;2018;1,80
00357;Gisors;2018;2,20
00358;Allevard;2018;3,50
00359;Eu;2018;3,90
00360;Valserhône;2018;2,50
00361;Le Grau-du-Roi;2018;3,60
00362;Clisson;2018;3,60
00451;Belleville-en-Beaujolais;2018;3,60
00452;Esch-sur-Alzette (LUX)-Villerupt (partie française);2018;2,50
00453;Le Pont-de-Beauvoisin;2018;2,80
00454;Honfleur;2018;3,40
00455;Jœuf;2018;3,90
00456;Redon;2018;3,00
00457;Saint-Laurent-de-la-Salanque;2018;3,20
00458;Marmande;2018;3,30
00459;Tournon-sur-Rhône;2018;3,10
00460;Saint-Dizier;2018;3,20
00461;Beaucaire;2018;2,90
00462;Dinard;2018;4,30
00463;Persan-Beaumont-sur-Oise;2018;3,00
00464;Alençon;2018;2,50
00465;Sallanches;2018;4,50
00551;Lunel;2018;4,90
00552;Arles;2018;4,20
00553;Montélimar;2018;3,60
00554;Mâcon;2018;3,70
00555;Bergerac;2018;3,20
00556;Saint-Omer;2018;4,10
00557;Brive-la-Gaillarde;2018;3,90
00558;Belfort;2018;3,90
00559;Vienne;2018;3,20
00651;Montbéliard;2018;4,00
00652;Valence;2018;4,00
00653;Genève (SUI)-Annemasse (partie française);2018;2,90
00751;Bayonne (partie française);2018;5,10
00752;Béthune;2018;4,00
00753;Saint-Étienne;2018;4,00
00754;Avignon;2018;3,60
00755;Rouen;2018;4,30
00756;Douai-Lens;2018;4,80
00757;Toulon;2018;4,20
00758;Toulouse;2018;4,60
00759;Marseille-Aix-en-Provence;2018;4,20
00760;Lyon;2018;4,00
00851;Paris;2018;2,90
01101;Saint-Martin-du-Frêne;2018;2,50
01102;Échenevex;2018;2,50
01103;Versonnex;2018;3,00
01104;Châtillon-la-Palud;2018;3,60
01105;Chalamont;2018;2,60
01106;Polliat;2018;2,80
01107;Saint-Maurice-de-Gourdans;2018;1,80
01108;Buellas;2018;2,50
01109;Vonnas;2018;2,00
01110;Pont-d'Ain;2018;4,60
01111;Culoz;2018;3,50
01112;Loyettes;2018;2,70
01113;Attignat;2018;3,50
01114;Feillens;2018;3,70
01115;Saint-André-de-Corcy;2018;3,00
01116;Montagnat;2018;3,80
01117;Villieu-Loyes-Mollon;2018;2,10
01118;Péron;2018;1,30
01119;Montrevel-en-Bresse;2018;2,80
01120;Replonges;2018;3,60
01121;Jujurieux;2018;3,30
01122;Crozet;2018;2,10
01123;Ceyzériat;2018;3,20
01124;Nantua;2018;1,80
01125;Pont-de-Vaux;2018;2,20
01126;Crottet-Pont-de-Veyle;2018;3,60
01127;Saint-Didier-sur-Chalaronne-Thoissey;2018;2,30
01128;Villars-les-Dombes;2018;2,90
01129;Plateau d'Hauteville;2018;1,60
01130;Châtillon-sur-Chalaronne;2018;2,00
01201;Bâgé-Dommartin;2018;3,10
01202;Béligneux;2018;1,90
01203;Montréal-la-Cluse;2018;2,00
01204;Lagnieu;2018;3,20
01205;Divonne-les-Bains (partie française);2018;2,10
01301;Belley;2018;3,60
01302;Meximieux;2018;2,10
01303;Ambérieu-en-Bugey;2018;4,40
01401;Gex;2018;2,80
01402;Oyonnax;2018;1,90
01501;Bourg-en-Bresse;2018;3,60
02101;Vailly-sur-Aisne;2018;2,00
02102;Sissonne;2018;1,80
02103;La Ferté-Milon;2018;2,30
02104;Braine;2018;2,60
02105;Nesles-la-Montagne;2018;3,10
02106;Marle;2018;2,90
02107;Saint-Gobain;2018;1,90
02108;Venizel;2018;3,20
02109;Le Nouvion-en-Thiérache;2018;2,90
02110;Villeneuve-sur-Aisne;2018;2,20
02111;Montescourt-Lizerolles;2018;2,80
02112;Fresnoy-le-Grand;2018;2,20
02113;Fère-en-Tardenois;2018;2,80
02114;Origny-Sainte-Benoite;2018;2,90
02115;Étreux;2018;3,10
02116;Saint-Michel;2018;3,00
02117;Vervins;2018;2,40
02118;Pinon;2018;2,10
02119;Guise;2018;2,70
02201;Bohain-en-Vermandois;2018;3,30
02202;Charly-sur-Marne;2018;1,90
02203;Hirson;2018;3,20
02301;Villers-Cotterêts;2018;2,60
02302;Chauny;2018;2,50
02401;Château-Thierry;2018;3,10
02402;Tergnier;2018;2,30
02403;Laon;2018;3,80
02404;Soissons;2018;3,30
02501;Saint-Quentin;2018;4,60
03101;Néris-les-Bains;2018;3,20
03102;Bourbon-l'Archambault;2018;2,50
03103;Dompierre-sur-Besbre;2018;2,80
03104;Varennes-sur-Allier;2018;2,10
03105;Lapalisse;2018;3,40
03106;Saint-Germain-des-Fossés;2018;1,80
03201;Saint-Pourçain-sur-Sioule;2018;2,70
03202;Gannat;2018;2,80
03203;Commentry;2018;2,40
03401;Moulins;2018;3,40
03501;Montluçon;2018;3,40
03502;Vichy;2018;3,30
04101;Aiglun;2018;4,70
04102;Gréoux-les-Bains;2018;5,30
04103;Peyruis;2018;3,20
04104;Volx;2018;4,30
04105;Valensole;2018;1,10
04106;Barcelonnette;2018;4,50
04107;Les Mées;2018;3,80
04108;Villeneuve;2018;2,80
04201;Forcalquier;2018;3,40
04202;Oraison;2018;3,90
04203;Château-Arnoux-Saint-Auban;2018;4,10
04204;Sisteron;2018;3,60
04301;Digne-les-Bains;2018;3,10
04401;Manosque;2018;4,50
05101;L'Argentière-la-Bessée;2018;3,90
05102;Tallard;2018;2,30
05103;Chorges;2018;3,50
05104;Guillestre;2018;4,20
05105;Veynes;2018;5,40
05106;Laragne-Montéglin;2018;3,00
05201;Embrun;2018;4,90
05301;Briançon;2018;3,80
05401;Gap;2018;5,10
06101;Breil-sur-Roya;2018;8,80
06102;L'Escarène;2018;2,90
06103;Saint-Martin-du-Var;2018;4,00
06104;Roquebillière;2018;4,70
06105;Saint-Vallier-de-Thiey;2018;2,80
06106;Sospel;2018;3,20
06107;Saint-Cézaire-sur-Siagne;2018;3,50
06108;Levens;2018;2,90
06501;Menton-Monaco (partie française);2018;3,10
06701;Nice;2018;4,00
07101;Lavilledieu;2018;4,00
07102;Lamastre;2018;3,50
07103;Lalevade-d'Ardèche;2018;3,20
07104;Villeneuve-de-Berg;2018;2,60
07105;Cruas;2018;2,00
07106;Vallon-Pont-d'Arc;2018;4,40
07107;Le Cheylard;2018;4,40
07108;Viviers;2018;3,30
07109;Chomérac;2018;3,00
07110;Peaugres;2018;4,10
07111;Saint-Julien-en-Saint-Alban;2018;3,40
07112;Le Pouzin;2018;4,00
07113;Les Vans;2018;3,80
07114;Ruoms;2018;4,10
07201;Bourg-Saint-Andéol;2018;3,00
07202;La Voulte-sur-Rhône;2018;2,90
07203;Charmes-sur-Rhône;2018;2,90
07301;Privas;2018;2,80
07401;Annonay;2018;3,90
07402;Aubenas;2018;3,50
08101;Donchery;2018;3,90
08102;Monthermé;2018;2,30
08103;Rocroi;2018;4,00
08104;Vireux-Wallerand;2018;4,00
08105;Carignan;2018;3,10
08106;Vouziers;2018;4,10
08201;Nouvion-sur-Meuse;2018;3,00
08202;Fumay;2018;3,50
08203;Bogny-sur-Meuse;2018;1,80
08204;Revin;2018;3,10
08205;Vrigne aux Bois;2018;4,70
08206;Nouzonville;2018;2,80
08207;Givet;2018;3,20
08208;Rethel;2018;4,40
08401;Sedan;2018;3,80
08501;Charleville-Mézières;2018;4,80
09101;Laroque-d'Olmes;2018;5,00
09102;Montgaillard;2018;3,10
09103;Mirepoix;2018;2,80
09104;La Tour-du-Crieu;2018;5,40
09105;Mazères;2018;3,90
09106;Saverdun;2018;3,10
09201;Tarascon-sur-Ariège;2018;2,80
09202;Lavelanet;2018;3,60
09203;Saint-Girons;2018;4,10
09301;Foix;2018;4,30
09401;Pamiers;2018;4,90
10101;Marigny-le-Châtel;2018;1,70
10102;Lusigny-sur-Barse;2018;1,90
10103;Vendeuvre-sur-Barse;2018;0,80
10104;Villenauxe-la-Grande;2018;1,20
10105;Saint-Lyé;2018;3,10
10106;Bar-sur-Seine;2018;3,20
10107;Brienne-le-Château;2018;3,20
10108;Arcis-sur-Aube;2018;3,20
10109;Aix-Villemaur-Pâlis;2018;2,90
10201;Bar-sur-Aube;2018;3,40
10202;Nogent-sur-Seine;2018;1,70
10301;Romilly-sur-Seine;2018;3,00
10601;Troyes;2018;4,00
11101;Argeliers;2018;3,60
11102;Canet;2018;3,20
11103;Palaja;2018;2,10
11104;Ouveillan;2018;3,10
11105;Pennautier;2018;3,40
11106;Vinassan;2018;4,30
11107;Sallèles-d'Aude;2018;2,80
11108;Rieux-Minervois;2018;3,40
11109;Bram;2018;3,70
11110;Conques-sur-Orbiel;2018;3,40
11111;Quillan;2018;4,40
11112;Cuxac-d'Aude;2018;4,40
11113;Saint-Nazaire-d'Aude;2018;3,50
11114;Espéraza;2018;4,00
11201;Gruissan;2018;2,40
11202;Sigean;2018;4,80
11203;Port-la-Nouvelle;2018;3,40
11204;Trèbes;2018;4,50
11205;Coursan;2018;3,70
11206;Villemoustaussou;2018;3,30
11207;Fleury;2018;1,80
11301;Lézignan-Corbières;2018;3,00
11302;Limoux;2018;3,60
11303;Castelnaudary;2018;3,50
11401;Carcassonne;2018;4,00
11501;Narbonne;2018;4,80
12101;Laissac-Sévérac l'Église;2018;2,80
12102;Valady;2018;2,60
12103;Baraqueville;2018;3,40
12104;Sébazac-Concourès;2018;3,10
12105;Sévérac d'Aveyron;2018;3,00
12106;Capdenac-Gare;2018;4,10
12201;Espalion;2018;4,10
12202;Saint-Affrique;2018;4,20
12301;Villefranche-de-Rouergue;2018;2,90
12302;Decazeville;2018;3,30
12401;Millau;2018;3,70
12402;Rodez;2018;4,10
13101;Saintes-Maries-de-la-Mer;2018;3,10
13102;Orgon;2018;3,60
13103;Mouriès;2018;3,20
13104;Fontvieille;2018;2,20
13105;Coudoux;2018;6,30
13106;Meyrargues;2018;4,30
13107;Maussane-les-Alpilles;2018;3,80
13108;Rognes;2018;3,20
13201;Cuges-les-Pins;2018;1,30
13202;Le Rove;2018;4,90
13203;La Roque-d'Anthéron;2018;3,10
13204;Ensuès-la-Redonne;2018;4,50
13205;Saint-Cannat;2018;3,80
13206;Le Puy-Sainte-Réparade;2018;3,80
13207;Carnoux-en-Provence;2018;4,60
13208;Sénas;2018;4,80
13209;Eyguières;2018;3,10
13210;Port-Saint-Louis-du-Rhône;2018;3,20
13211;La Fare-les-Oliviers;2018;4,50
13212;Lançon-Provence;2018;4,30
13213;Peyrolles-en-Provence;2018;2,90
13214;Lambesc;2018;3,40
13301;Cassis;2018;5,20
13302;Saint-Rémy-de-Provence;2018;4,00
13303;Mallemort;2018;3,50
13304;Saint-Martin-de-Crau;2018;3,30
13305;Sausset-les-Pins-Carry-le-Rouet;2018;3,10
13501;Salon-de-Provence;2018;4,00
14101;Potigny;2018;2,70
14102;Mathieu;2018;5,30
14103;Cairon;2018;2,90
14104;Dozulé;2018;2,70
14105;Louvigny;2018;6,30
14106;Orbec;2018;2,20
14107;Le Molay-Littry;2018;2,30
14108;Évrecy;2018;2,40
14109;Colleville-Montgomery;2018;3,10
14110;Le Hom;2018;3,00
14111;Villers-Bocage;2018;3,50
14112;Troarn;2018;5,20
14113;Frénouville;2018;4,10
14114;Ranville;2018;3,50
14115;Courseulles-sur-Mer;2018;3,10
14116;Les Monts d'Aunay;2018;2,70
14201;Douvres-la-Délivrande-Luc-sur-Mer;2018;3,50
14202;Pont-l'Évêque;2018;2,40
14203;Hermanville-sur-Mer;2018;3,00
14204;Thue et Mue;2018;4,90
14205;Livarot-Pays-d'Auge;2018;2,80
14206;Saint-Martin-de-Fontenay;2018;4,00
14207;Saint-Pierre-en-Auge;2018;2,20
14208;Blainville-sur-Orne;2018;4,50
14209;Falaise;2018;2,90
14210;Argences;2018;2,80
14211;Ouistreham;2018;2,70
14212;Luc-sur-Mer;2018;3,10
14213;Mézidon Vallée d'Auge;2018;2,20
14301;Vire Normandie;2018;4,00
14302;Bayeux;2018;3,70
14401;Lisieux;2018;2,60
14402;Dives-sur-Mer;2018;3,30
14701;Caen;2018;5,20
15101;Riom-ès-Montagnes;2018;4,40
15102;Ydes;2018;2,90
15103;Maurs;2018;2,70
15104;Mauriac;2018;4,80
15201;Saint-Flour;2018;3,70
15401;Aurillac;2018;4,80
16101;Mansle;2018;4,20
16102;Confolens;2018;1,40
16103;Chasseneuil-sur-Bonnieure;2018;2,90
16104;Châteauneuf-sur-Charente;2018;1,80
16105;Ruffec;2018;4,20
16106;La Rochefoucauld-en-Angoumois;2018;2,70
16107;Barbezieux-Saint-Hilaire;2018;3,40
16108;Jarnac;2018;3,60
16401;Cognac;2018;3,50
16601;Angoulême;2018;3,50
17101;Saint-Denis-d'Oléron;2018;2,50
17102;Esnandes;2018;2,30
17103;Saint-Laurent-de-la-Prée;2018;4,30
17104;Matha;2018;3,20
17105;Saint-Rogatien;2018;4,00
17106;Villedoux;2018;4,30
17107;Le Bois-Plage-en-Ré;2018;5,50
17108;Rivedoux-Plage;2018;5,10
17109;Saint-Trojan-les-Bains;2018;3,30
17110;La Jarne;2018;6,10
17111;Saint-Agnant;2018;4,40
17112;Médis;2018;4,90
17113;Breuillet;2018;4,30
17114;Port-des-Barques;2018;2,10
17115;Soubise;2018;4,10
17116;Marsilly;2018;3,10
17117;Dolus-d'Oléron;2018;4,50
17118;La Jarrie;2018;4,30
17119;Sainte-Marie-de-Ré;2018;4,40
17120;Montendre;2018;2,60
17121;Saint-Georges-d'Oléron;2018;3,30
17122;Fouras;2018;2,60
17123;Aigrefeuille-d'Aunis;2018;3,10
17124;Pons;2018;3,40
17125;Le Château-d'Oléron;2018;3,20
17126;Ars-en-Ré;2018;4,70
17127;Marans;2018;3,30
17128;Sainte-Soulle;2018;4,80
17129;Saint-Xandre;2018;5,70
17130;La Flotte;2018;4,70
17201;Jonzac;2018;2,90
17202;Saint-Pierre-d'Oléron;2018;3,60
17203;Surgères;2018;3,90
17204;Saujon;2018;3,10
17205;Saint-Jean-d'Angély;2018;3,20
17206;Marennes-Hiers-Brouage;2018;4,00
17301;La Tremblade;2018;3,40
17401;Saintes;2018;4,80
17402;Rochefort;2018;4,60
17403;Royan;2018;3,20
17601;La Rochelle;2018;5,50
18101;Sancerre;2018;2,70
18102;Léré;2018;2,00
18103;Sancoins;2018;3,40
18104;La Guerche-sur-l'Aubois;2018;2,30
18105;Avord;2018;1,90
18106;Dun-sur-Auron;2018;2,00
18107;Trouy;2018;2,40
18201;Aubigny-sur-Nère;2018;4,20
18202;Saint-Florent-sur-Cher;2018;2,20
18203;Mehun-sur-Yèvre;2018;2,30
18301;Saint-Amand-Montrond;2018;2,50
18401;Vierzon;2018;2,20
18501;Bourges;2018;3,00
19101;Donzenac;2018;3,90
19102;Bort-les-Orgues;2018;3,00
19103;Uzerche;2018;2,80
19104;Argentat-sur-Dordogne;2018;4,60
19105;Égletons;2018;2,80
19106;Objat;2018;2,70
19201;Allassac;2018;2,80
19202;Ussel;2018;3,00
19401;Tulle;2018;3,00
21101;Brazey-en-Plaine;2018;3,30
21102;Selongey;2018;3,60
21103;Saulieu;2018;2,10
21104;Arc-sur-Tille;2018;3,70
21105;Seurre;2018;2,10
21106;Saint-Jean-de-Losne;2018;3,10
21107;Venarey-les-Laumes;2018;2,30
21108;Semur-en-Auxois;2018;3,40
21109;Saint-Julien;2018;2,70
21110;Gevrey-Chambertin;2018;3,60
21201;Genlis;2018;3,80
21202;Châtillon-sur-Seine;2018;2,50
21203;Montbard;2018;2,50
21204;Nuits-Saint-Georges;2018;4,10
21205;Is-sur-Tille;2018;5,00
21206;Auxonne;2018;1,90
21401;Beaune;2018;4,30
21701;Dijon;2018;4,70
22101;Quintin;2018;2,10
22102;Broons;2018;2,00
22103;Merdrignac;2018;3,40
22104;Rostrenen;2018;3,70
22105;Plouézec;2018;2,70
22106;Saint-Cast-le-Guildo;2018;1,90
22107;Plouaret;2018;2,10
22108;Plouër-sur-Rance;2018;3,90
22109;Trébeurden;2018;2,50
22110;Plémet;2018;3,30
22111;Lanvollon;2018;3,40
22112;La Roche-Jaudy;2018;3,60
22113;Pommeret;2018;3,80
22114;Châtelaudren-Plouagat;2018;3,40
22115;Erquy;2018;3,00
22116;Plœuc-L'Hermitage;2018;2,10
22117;Pléneuf-Val-André;2018;3,10
22118;Plouha;2018;3,10
22119;Bégard;2018;3,40
22201;Plancoët;2018;2,70
22202;Plaintel;2018;3,30
22203;Tréguier;2018;3,20
22204;Plédran;2018;2,90
22205;Pordic;2018;3,30
22206;Loudéac;2018;2,70
22301;Binic-Étables-sur-Mer;2018;3,30
22302;Lamballe-Armor;2018;2,40
22303;Paimpol;2018;3,10
22401;Guingamp;2018;3,50
22402;Dinan;2018;3,50
22403;Lannion;2018;3,80
22501;Saint-Brieuc;2018;3,60
23101;Bourganeuf;2018;6,00
23102;Aubusson;2018;4,30
23201;La Souterraine;2018;2,20
23301;Guéret;2018;3,00
24101;Excideuil;2018;4,30
24102;Montcaret;2018;2,80
24103;Le Bugue;2018;4,70
24104;Eymet;2018;2,00
24105;Montignac-Lascaux;2018;3,30
24106;Le Lardin-Saint-Lazare;2018;3,90
24107;Neuvic;2018;3,30
24108;Razac-sur-l'Isle;2018;3,40
24109;Nontron;2018;2,30
24110;Thiviers;2018;3,40
24111;Ribérac;2018;2,20
24112;Lalinde;2018;2,90
24201;Saint-Astier;2018;2,90
24202;Mussidan;2018;2,90
24203;Sarlat-la-Canéda;2018;3,80
24501;Périgueux;2018;4,20
25101;Colombier-Fontaine;2018;2,50
25102;Goux-les-Usiers;2018;3,50
25103;Arcey;2018;2,90
25104;Le Russey;2018;2,30
25105;Montferrand-le-Château;2018;3,40
25106;Les Auxons;2018;5,40
25107;Charquemont;2018;4,10
25108;L'Isle-sur-le-Doubs;2018;2,20
25109;Saône;2018;3,90
25110;Ornans;2018;4,10
25111;Roche-lez-Beaupré;2018;4,10
25112;Maîche;2018;4,10
25113;Saint-Vit;2018;4,20
25114;Villers-le-Lac;2018;3,90
25201;Baume-les-Dames;2018;4,80
25202;Valdahon;2018;4,60
25203;Pont-de-Roide-Vermondans;2018;2,80
25204;Pouilley-les-Vignes;2018;4,50
25301;Morteau;2018;4,10
25401;Pontarlier;2018;3,50
25601;Besançon;2018;5,20
26101;Suze-la-Rousse;2018;2,80
26102;Buis-les-Baronnies;2018;5,80
26103;Allex;2018;3,50
26104;Saint-Jean-en-Royans;2018;2,80
26105;Anneyron;2018;2,80
26106;Dieulefit;2018;3,60
26107;Montélier;2018;3,20
26108;Saint-Donat-sur-l'Herbasse;2018;2,00
26109;Die;2018;3,30
26110;Châteauneuf-du-Rhône;2018;3,60
26201;Donzère;2018;3,20
26202;Nyons;2018;2,90
26203;Chabeuil;2018;3,50
26204;Beaumont-lès-Valence;2018;3,50
26301;Saint-Paul-Trois-Châteaux;2018;2,90
26302;Pierrelatte;2018;3,30
26303;Crest;2018;4,40
26304;Livron-sur-Drôme;2018;3,60
26501;Romans-sur-Isère;2018;4,10
27101;La Couture-Boussey;2018;2,80
27102;La Bonneville-sur-Iton;2018;1,80
27103;Rugles;2018;2,20
27104;Routot;2018;3,00
27105;La Saussaye;2018;2,70
27106;La Haye-Malherbe;2018;2,50
27107;Le Thuit de l'Oison;2018;3,60
27108;Gasny;2018;2,40
27109;Étrépagny;2018;2,40
27110;Pîtres;2018;3,00
27111;Bourg-Achard;2018;3,80
27112;Saint-André-de-l'Eure;2018;2,20
27113;Breteuil;2018;2,30
27114;Fleury-sur-Andelle;2018;3,70
27115;Le Neubourg;2018;2,40
27116;Romilly-sur-Andelle;2018;2,80
27117;Brionne;2018;2,40
27201;Pont-de-l'Arche;2018;5,90
27202;Beaumont-le-Roger;2018;3,20
27203;Mesnils-sur-Iton;2018;1,70
27204;Conches-en-Ouche;2018;1,60
27205;Pacy-sur-Eure;2018;1,50
27206;Verneuil d'Avre et d'Iton;2018;2,50
27207;Les Andelys;2018;1,80
27301;Bernay;2018;2,50
27302;Pont-Audemer;2018;2,80
27303;Gaillon;2018;2,30
27401;Vernon;2018;2,90
27402;Louviers;2018;3,30
27501;Évreux;2018;3,10
28101;Abondant;2018;3,10
28102;Toury;2018;1,90
28103;Châteauneuf-en-Thymerais;2018;2,00
28104;Saint-Georges-sur-Eure;2018;2,80
28105;Courville-sur-Eure;2018;2,00
28106;Senonches;2018;1,70
28107;Illiers-Combray;2018;1,60
28108;La Loupe;2018;2,20
28109;Les Villages Vovéens;2018;2,80
28110;Jouy;2018;2,40
28201;Brou;2018;2,10
28202;Bonneval;2018;2,00
28203;Cloyes-les-Trois-Rivières;2018;2,40
28204;Gallardon;2018;2,70
28205;Auneau-Bleury-Saint-Symphorien;2018;2,70
28206;Maintenon;2018;2,70
28207;Nogent-le-Roi;2018;2,30
28208;Nogent-le-Rotrou;2018;2,50
28301;Châteaudun;2018;2,90
28401;Dreux;2018;2,40
28501;Chartres;2018;3,80
29101;Saint-Pabu;2018;3,00
29102;Lampaul-Plouarzel;2018;2,60
29103;Kerlouan;2018;4,60
29104;Hôpital-Camfrout;2018;3,40
29105;Plonéis;2018;3,00
29106;Camaret-sur-Mer;2018;2,90
29107;Névez;2018;2,60
29108;Le Conquet;2018;3,10
29109;Pont-Aven;2018;3,80
29110;Plouvorn;2018;3,00
29111;Plozévet;2018;4,20
29112;Saint-Thégonnec Loc-Eguiner;2018;3,80
29113;Pleyber-Christ;2018;2,60
29114;Lanmeur;2018;4,10
29115;Saint-Thonan;2018;5,10
29116;Plougasnou;2018;2,70
29117;Plouescat;2018;2,60
29118;Saint-Évarzec;2018;5,70
29119;Bourg-Blanc;2018;4,50
29120;Landéda;2018;1,90
29121;Pleyben;2018;4,10
29122;Châteauneuf-du-Faou;2018;3,90
29123;Loperhet;2018;4,10
29124;Plouvien;2018;3,90
29125;Cléder;2018;3,20
29126;Pont-de-Buis-lès-Quimerch;2018;4,10
29127;Plomelin;2018;3,40
29128;Plougonvelin;2018;3,50
29129;Riec-sur-Bélon;2018;3,90
29130;Milizac-Guipronvel;2018;3,30
29131;Carantec;2018;2,90
29201;Locmaria-Plouzané;2018;3,60
29202;Plouigneau;2018;3,60
29203;Porspoder;2018;3,00
29204;Scaër;2018;2,80
29205;Châteaulin;2018;4,70
29206;Bannalec;2018;3,40
29207;Plonéour-Lanvern;2018;3,50
29208;Ploudalmézeau;2018;3,50
29209;Crozon;2018;4,30
29210;Plouhinec-Audierne;2018;5,30
29211;Rosporden;2018;3,80
29212;Briec;2018;3,10
29213;Guilers;2018;5,30
29214;Saint-Renan;2018;5,10
29215;Plabennec;2018;3,80
29301;Moëlan-sur-Mer;2018;3,60
29302;Landivisiau;2018;4,00
29303;Plouguerneau-Lannilis;2018;3,60
29304;Saint-Pol-de-Léon;2018;3,00
29305;Lesneven;2018;4,30
29306;Douarnenez;2018;2,50
29307;Quimperlé;2018;4,10
29308;Pont-l'Abbé;2018;4,30
29309;Landerneau;2018;3,90
29401;Penmarch;2018;3,60
29402;Fouesnant;2018;4,00
29403;Morlaix;2018;3,90
29404;Concarneau;2018;4,30
29501;Quimper;2018;4,30
29701;Brest;2018;4,80
2A101;Bonifacio;2018;2,10
2A102;Grosseto-Prugna;2018;4,00
2A103;Sartène;2018;2,70
2A104;Albitreccia;2018;4,80
2A105;Bastelicaccia;2018;2,80
2A106;Propriano;2018;3,70
2A301;Porto-Vecchio;2018;5,00
2A501;Ajaccio;2018;3,30
2B101;Prunelli-di-Fiumorbo;2018;5,10
2B102;Ghisonaccia;2018;3,80
2B103;L'Île-Rousse;2018;5,10
2B201;Calvi;2018;3,70
2B202;Corte;2018;2,70
2B203;Penta-di-Casinca;2018;3,30
2B401;Borgo;2018;4,00
2B501;Bastia;2018;3,40
30101;Saint-Victor-la-Coste;2018;1,90
30102;Fons;2018;3,40
30103;La Calmette;2018;4,00
30104;Aubord;2018;3,50
30105;Le Cailar;2018;3,80
30106;Saint-Jean-du-Gard;2018;3,40
30107;Connaux;2018;3,20
30108;Saint-Quentin-la-Poterie;2018;2,90
30109;Saint-Laurent-d'Aigouze;2018;4,70
30110;Quissac;2018;4,60
30111;Saint-Geniès-de-Malgoirès;2018;3,50
30112;Jonquières-Saint-Vincent;2018;2,70
30113;Poulx;2018;2,30
30114;Saint-Hippolyte-du-Fort;2018;4,70
30115;Générac;2018;3,00
30116;Aramon;2018;3,80
30117;Clarensac;2018;3,10
30118;Bessèges;2018;3,70
30119;Beauvoisin;2018;2,80
30120;Garons;2018;4,10
30121;Langlade;2018;3,40
30201;Saint-Laurent-des-Arbres;2018;3,10
30202;Roquemaure;2018;2,50
30203;Aimargues;2018;5,50
30204;Calvisson;2018;4,00
30205;Bezouce;2018;3,90
30206;Pujaut;2018;2,40
30207;Bouillargues;2018;4,40
30208;Le Vigan;2018;3,90
30209;Bellegarde;2018;3,50
30210;Rochefort-du-Gard;2018;2,70
30211;Sommières;2018;3,10
30212;Aigues-Mortes;2018;3,30
30213;Vergèze;2018;4,70
30214;La Grand-Combe;2018;2,10
30301;Manduel;2018;3,30
30302;Vauvert;2018;3,40
30303;Uzès;2018;4,30
30304;Montfrin;2018;3,90
30305;Saint-Gilles;2018;2,50
30306;Pont-Saint-Esprit;2018;3,00
30401;Bagnols-sur-Cèze;2018;3,30
30501;Alès;2018;4,00
30601;Nîmes;2018;4,20
31101;Le Fauga;2018;4,90
31102;Lévignac;2018;3,10
31103;Boussens;2018;3,70
31104;Saint-Sulpice-sur-Lèze;2018;3,90
31105;Montgiscard;2018;3,60
31106;Caraman;2018;2,00
31107;Labastidette;2018;4,00
31108;Rieux;2018;3,60
31109;Martres-Tolosane;2018;4,00
31110;Ayguesvives;2018;4,20
31111;Salies-du-Salat;2018;2,00
31112;Buzet-sur-Tarn;2018;4,30
31113;Bérat;2018;3,40
31114;Montesquieu-Volvestre;2018;3,20
31115;Lavernose-Lacasse;2018;4,30
31116;Lauzerville;2018;3,90
31117;Baziège;2018;3,70
31118;Rieumes;2018;2,40
31119;Verfeil;2018;2,30
31120;Lherm;2018;3,50
31121;Nailloux;2018;4,30
31122;Bagnères-de-Luchon;2018;3,50
31123;Bessières;2018;3,10
31201;Villefranche-de-Lauragais;2018;4,40
31202;Montastruc-la-Conseillère;2018;4,50
31203;Merville;2018;2,90
31204;Villemur-sur-Tarn;2018;2,80
31205;Fronton;2018;3,30
31206;Cazères;2018;3,30
31207;Longages;2018;5,00
31208;Carbonne;2018;4,20
31209;Grenade;2018;3,90
31210;Venerque;2018;4,10
31211;Saint-Lys;2018;3,50
31212;Revel;2018;3,70
31213;Auterive;2018;3,80
31301;Saint-Gaudens;2018;3,60
32101;Samatan;2018;4,50
32102;Gimont;2018;3,90
32103;Lectoure;2018;3,10
32104;Vic-Fezensac;2018;2,90
32105;Eauze;2018;3,30
32106;Mirande;2018;3,70
32201;Fleurance;2018;3,90
32202;Condom;2018;4,60
32203;L'Isle-Jourdain;2018;2,60
32401;Auch;2018;4,80
33101;Cérons;2018;4,90
33102;Preignac;2018;4,80
33103;Saint-Louis-de-Montferrand;2018;2,30
33104;Cussac-Fort-Médoc;2018;5,10
33105;Branne;2018;4,30
33106;Saint-Vivien-de-Médoc;2018;4,70
33107;Sainte-Hélène;2018;2,70
33108;Baron;2018;3,60
33109;Soulac-sur-Mer;2018;5,30
33110;Avensan;2018;5,20
33111;Saint-Ciers-sur-Gironde;2018;2,20
33112;Galgon;2018;3,20
33113;Saucats;2018;2,30
33114;Ambès;2018;1,20
33115;Le Porge;2018;3,40
33116;Hourtin;2018;3,90
33117;Arsac;2018;4,20
33118;Macau;2018;3,90
33119;La Brède;2018;3,50
33120;Soussans;2018;5,10
33121;Saint-Laurent-Médoc;2018;4,10
33122;Créon;2018;3,80
33123;Marcheprime;2018;2,60
33124;Ludon-Médoc;2018;3,30
33125;Castelnau-de-Médoc;2018;4,50
33126;Pauillac;2018;3,60
33127;Lacanau;2018;3,30
33201;Bazas;2018;5,30
33202;Cadillac;2018;4,20
33203;Bourg;2018;2,60
33204;Le Barp;2018;3,40
33205;Belin-Béliet;2018;4,20
33206;Podensac;2018;4,30
33207;Saint-Savin-Saint-Yzan-de-Soudiac;2018;2,50
33208;Saint-Seurin-sur-l'Isle;2018;3,40
33209;La Lande-de-Fronsac;2018;3,20
33210;Arès;2018;5,00
33211;La Réole;2018;3,10
33212;Salles;2018;3,50
33213;Lesparre-Médoc;2018;4,00
33214;Lège-Cap-Ferret;2018;4,20
33215;Portets;2018;3,50
33216;Saint-Macaire;2018;4,50
33217;Mios;2018;4,40
33301;Cézac;2018;3,40
33302;Blaye;2018;3,20
33303;Coutras;2018;3,70
33304;Langon;2018;5,40
33305;Andernos-les-Bains;2018;4,50
33306;Biganos;2018;4,10
33401;Libourne;2018;4,40
33501;La Teste-de-Buch-Arcachon;2018;4,90
33701;Bordeaux;2018;5,10
34101;Les Matelles;2018;4,40
34102;Le Pouget;2018;2,70
34103;Valergues;2018;3,70
34104;Maureilhan;2018;4,90
34105;Bassan;2018;3,40
34106;Roujan;2018;3,70
34107;Loupian;2018;4,10
34108;Saint-Bauzille-de-Putois;2018;4,10
34109;Saint-Pargoire;2018;2,00
34110;Cessenon-sur-Orb;2018;2,50
34111;Pomérols;2018;3,90
34112;Olargues;2018;2,50
34113;Colombiers;2018;4,00
34114;Saint-Drézéry;2018;2,30
34115;Vailhauquès;2018;3,30
34116;Caux;2018;2,90
34117;Cers;2018;5,60
34118;Mudaison;2018;4,60
34119;Saint-Martin-de-Londres;2018;3,20
34120;Montblanc;2018;3,20
34121;Puisserguier;2018;2,80
34122;Aniane;2018;3,40
34123;Thézan-lès-Béziers;2018;3,00
34124;Murviel-lès-Béziers;2018;3,30
34125;Lansargues;2018;4,10
34126;Portiragnes;2018;3,80
34127;Capestang;2018;2,50
34128;Lespignan;2018;3,70
34129;Saint-Aunès;2018;4,80
34130;Canet;2018;4,60
34131;Montarnaud;2018;3,70
34132;Villeveyrac;2018;2,30
34133;Beaulieu;2018;3,70
34134;Montady;2018;4,60
34135;Paulhan;2018;3,60
34136;Nissan-lez-Enserune;2018;3,50
34137;Montagnac;2018;3,60
34138;Sussargues;2018;3,30
34139;Magalas;2018;3,90
34140;Saint-Mathieu-de-Tréviers;2018;3,60
34141;Servian;2018;4,10
34142;Cazouls-lès-Béziers;2018;2,30
34201;Florensac;2018;4,80
34202;Saint-Georges-d'Orques;2018;4,30
34203;Vias;2018;3,60
34204;Saint-André-de-Sangonis;2018;4,90
34205;Palavas-les-Flots;2018;4,60
34206;Castries;2018;5,00
34207;Gignac;2018;5,70
34208;Mireval;2018;4,50
34209;Pignan;2018;4,00
34210;Bessan;2018;4,40
34211;Marseillan;2018;3,40
34212;Ganges;2018;4,60
34213;Pézenas;2018;4,90
34214;Cournonterral;2018;3,50
34215;Lodève;2018;4,00
34301;Clermont-l'Hérault;2018;4,40
34302;Baillargues;2018;5,70
34303;Mèze;2018;2,60
34304;Bédarieux;2018;4,10
34305;Sérignan;2018;3,40
34306;Mauguio;2018;4,90
34401;Agde;2018;3,50
34501;Sète;2018;4,80
34502;Béziers;2018;4,10
34701;Montpellier;2018;4,90
35101;Chevaigné;2018;4,20
35102;Montreuil-sur-Ille;2018;2,70
35103;La Fresnais;2018;2,70
35104;Saint-Jouan-des-Guérets;2018;5,90
35105;Plerguer;2018;4,10
35106;Crevin;2018;4,90
35107;Saint-Erblon;2018;4,50
35108;Nouvoitou;2018;3,00
35109;Bourg-des-Comptes;2018;3,10
35110;Corps-Nuds;2018;3,40
35111;Louvigné-du-Désert;2018;1,70
35112;Breteil;2018;3,60
35113;Tinténiac;2018;3,90
35114;Servon-sur-Vilaine;2018;4,60
35115;Pipriac;2018;2,10
35116;Saint-Aubin-d'Aubigné;2018;3,60
35117;Saint-Aubin-du-Cormier;2018;3,40
35118;Romillé;2018;2,90
35119;Romagné;2018;4,60
35120;Miniac-Morvan;2018;4,00
35121;Plélan-le-Grand;2018;2,80
35122;Chavagne;2018;4,20
35123;Saint-Méloir-des-Ondes;2018;4,50
35124;Bourgbarré;2018;3,60
35125;Goven;2018;3,00
35126;Argentré-du-Plessis;2018;3,60
35127;La Bouëxière;2018;3,10
35128;Iffendic;2018;2,20
35129;Orgères;2018;4,20
35130;Maen Roch;2018;3,80
35131;La Mézière;2018;4,00
35132;Saint-Gilles;2018;4,60
35201;Laillé;2018;3,80
35202;Cancale;2018;2,50
35203;Gévezé;2018;3,70
35204;La Guerche-de-Bretagne;2018;2,60
35205;Dol-de-Bretagne;2018;2,50
35206;Saint-Méen-le-Grand;2018;3,10
35207;Montauban-de-Bretagne;2018;3,90
35208;Combourg;2018;3,50
35209;Noyal-sur-Vilaine;2018;5,70
35210;Retiers;2018;2,60
35211;Bréal-sous-Montfort;2018;3,60
35212;Montfort-sur-Meu;2018;2,70
35213;Acigné;2018;4,10
35214;Guipry-Messac;2018;2,90
35215;Bain-de-Bretagne;2018;3,90
35216;Mordelles;2018;3,90
35217;Liffré;2018;4,30
35218;Bédée;2018;4,20
35219;Vern-sur-Seiche;2018;4,70
35220;Janzé;2018;3,40
35221;Guichen;2018;2,70
35222;Châteaubourg;2018;3,10
35301;Châteaugiron;2018;3,40
35302;Le Rheu;2018;4,00
35303;Vitré;2018;3,40
35401;Fougères;2018;2,70
35402;Saint-Malo;2018;5,10
35701;Rennes;2018;4,90
36101;Valençay;2018;2,80
36102;Châtillon-sur-Indre;2018;3,60
36103;Vatan;2018;1,80
36104;Villedieu-sur-Indre;2018;2,40
36105;Saint-Gaultier;2018;2,70
36106;Chabris;2018;3,40
36107;Levroux;2018;1,80
36108;Ardentes;2018;0,90
36109;Buzançais;2018;2,50
36201;Le Blanc;2018;3,50
36202;La Châtre;2018;2,30
36203;Argenton-sur-Creuse;2018;2,70
36301;Issoudun;2018;2,10
36501;Châteauroux;2018;3,10
37101;Richelieu;2018;3,40
37102;Saint-Paterne-Racan;2018;2,60
37103;Chanceaux-sur-Choisille;2018;2,90
37104;Truyes;2018;2,70
37105;Sainte-Maure-de-Touraine;2018;2,80
37106;Monnaie;2018;3,10
37107;Beaumont-en-Véron;2018;4,50
37108;Langeais;2018;4,60
37201;Cinq-Mars-la-Pile;2018;4,10
37202;Azay-le-Rideau;2018;3,40
37203;Esvres;2018;3,20
37204;Bourgueil;2018;3,20
37205;Château-Renault;2018;3,20
37206;Véretz;2018;3,30
37301;Chinon;2018;4,20
37302;Loches;2018;3,60
37303;Monts;2018;2,90
37701;Tours;2018;4,20
38101;Frontonas;2018;4,90
38102;Izeaux;2018;3,50
38103;Saint-Paul-de-Varces;2018;2,90
38104;Faramans;2018;2,40
38105;Saint-Georges-de-Commiers;2018;1,60
38106;Goncelin;2018;6,20
38107;Auberives-sur-Varèze;2018;3,80
38108;Le Cheylas;2018;4,00
38109;Lans-en-Vercors;2018;5,40
38110;Diémoz;2018;3,10
38111;Saint-Siméon-de-Bressieux;2018;2,90
38112;Theys;2018;2,10
38113;Chapareillan;2018;3,40
38114;Sonnay;2018;2,10
38115;Le Bourg-d'Oisans;2018;4,90
38116;Saint-Romain-de-Jalionas;2018;2,80
38117;Saint-Georges-d'Espéranche;2018;2,70
38118;Estrablin;2018;3,70
38119;Saint-André-le-Gaz;2018;3,20
38120;Saint-Étienne-de-Saint-Geoirs;2018;3,30
38121;Brié-et-Angonnes;2018;3,70
38122;Saint-Savin;2018;4,20
38123;Villard-de-Lans;2018;5,50
38124;Saint-Laurent-du-Pont;2018;2,80
38125;Saint-Jean-de-Bournay;2018;2,00
38126;La Terrasse;2018;3,20
38127;Heyrieux;2018;3,00
38128;Villette-d'Anthon;2018;1,90
38201;Crémieu;2018;2,40
38202;Montalieu-Vercieu;2018;2,20
38203;Le Touvet;2018;4,50
38204;Saint-Just-Chaleyssin;2018;2,40
38205;La Côte-Saint-André;2018;3,10
38206;Beaurepaire;2018;1,80
38207;La Mure;2018;5,60
38208;Les Avenières Veyrins-Thuellin;2018;2,20
38209;Tullins;2018;3,40
38301;Apprieu-Le Grand-Lemps;2018;4,00
38302;Vif;2018;2,40
38303;Les Abrets en Dauphiné;2018;3,60
38304;Crolles;2018;3,40
38401;Vizille;2018;2,30
38402;Saint-Marcellin;2018;3,10
38403;Charvieu-Chavagneux;2018;2,80
38404;Villefontaine;2018;4,70
38405;La Tour-du-Pin;2018;3,30
38501;Bourgoin-Jallieu;2018;5,30
38502;Voiron;2018;4,10
38701;Grenoble;2018;4,60
39101;Moirans-en-Montagne;2018;2,30
39102;Chaussin;2018;3,00
39103;Fraisans;2018;3,50
39104;Salins-les-Bains;2018;4,50
39105;Saint-Amour;2018;1,80
39106;Les Rousses;2018;5,10
39107;Arbois;2018;4,80
39108;Poligny;2018;3,40
39109;Coteaux du Lizon;2018;3,00
39201;Tavaux;2018;4,20
39202;Hauts de Bienne;2018;3,50
39203;Saint-Claude;2018;2,90
39204;Champagnole;2018;3,00
39401;Lons-le-Saunier;2018;4,00
39402;Dole;2018;4,70
40101;Angresse;2018;6,60
40102;Ychoux;2018;2,80
40103;Villeneuve-de-Marsan;2018;2,60
40104;Saint-Jean-de-Marsacq;2018;3,80
40105;Saint-Geours-de-Maremne;2018;5,60
40106;Labouheyre;2018;2,70
40107;Pontonx-sur-l'Adour;2018;4,20
40108;Rion-des-Landes;2018;2,70
40109;Roquefort;2018;2,90
40110;Grenade-sur-l'Adour;2018;2,70
40111;Bénesse-Maremne;2018;7,10
40112;Tartas;2018;3,60
40113;Sanguinet;2018;3,00
40114;Saint-Sever;2018;3,30
40201;Morcenx-la-Nouvelle;2018;3,40
40202;Ondres;2018;5,70
40203;Hagetmau;2018;2,40
40204;Pouillon;2018;3,00
40205;Parentis-en-Born;2018;5,10
40206;Labenne;2018;5,30
40207;Mimizan;2018;4,40
40208;Peyrehorade;2018;3,20
40209;Soustons;2018;4,20
40301;Capbreton;2018;4,70
40302;Biscarrosse;2018;4,90
40303;Saint-Vincent-de-Tyrosse;2018;5,00
40401;Mont-de-Marsan;2018;4,10
40501;Dax;2018;4,30
41101;Nouan-le-Fuzelier;2018;2,60
41102;Muides-sur-Loire;2018;2,90
41103;Villefranche-sur-Cher;2018;3,00
41104;Chailles;2018;3,30
41105;Les Montils;2018;2,40
41106;Cour-Cheverny;2018;2,60
41107;Mont-près-Chambord;2018;2,90
41108;Montoire-sur-le-Loir;2018;2,80
41109;Saint-Laurent-Nouan;2018;2,30
41110;Selles-sur-Cher;2018;3,20
41111;Lamotte-Beuvron;2018;2,70
41201;Salbris;2018;2,40
41202;Mer;2018;3,40
41203;Veuzain-sur-Loire;2018;2,80
41204;Montrichard Val de Cher;2018;2,80
41205;Saint-Aignan;2018;2,90
41206;Le Controis-en-Sologne;2018;2,80
41301;Romorantin-Lanthenay;2018;3,20
41401;Vendôme;2018;3,00
41501;Blois;2018;3,60
42101;Marcilly-le-Châtel;2018;3,60
42102;Bourg-Argental;2018;2,60
42103;Panissières;2018;2,10
42104;Balbigny;2018;2,30
42105;Saint-Héand;2018;2,00
42106;Lentigny;2018;1,90
42107;Saint-Marcellin-en-Forez;2018;3,60
42201;Saint-Romain-le-Puy;2018;3,90
42202;Boën-sur-Lignon;2018;3,60
42203;Pélussin;2018;2,10
42204;Montrond-les-Bains;2018;3,80
42205;Charlieu;2018;2,60
42206;Feurs;2018;2,70
42401;Montbrison;2018;3,00
42501;Saint-Just-Saint-Rambert;2018;4,30
42502;Roanne;2018;3,40
43101;Dunières;2018;4,00
43102;Tence;2018;4,30
43103;Langeac;2018;4,10
43104;Saint-Just-Malmont;2018;3,50
43105;Saint-Didier-en-Velay;2018;2,90
43201;Yssingeaux;2018;3,20
43202;Brioude;2018;3,50
43203;Sainte-Sigolène;2018;2,90
43301;Monistrol-sur-Loire;2018;4,30
43401;Le Puy-en-Velay;2018;4,50
44101;Boussay;2018;2,10
44102;Sainte-Anne-sur-Brivet;2018;2,60
44103;Paimbœuf;2018;2,60
44104;Mauves-sur-Loire;2018;3,30
44105;Le Pallet;2018;3,60
44106;Prinquiau;2018;3,50
44107;Derval;2018;3,00
44108;Petit-Mars;2018;3,30
44109;Le Bignon;2018;3,70
44110;Saint-Gildas-des-Bois;2018;2,30
44111;Aigrefeuille-sur-Maine;2018;2,70
44112;Vieillevigne;2018;4,10
44113;Nozay;2018;3,40
44114;La Chapelle-des-Marais;2018;3,40
44115;Legé;2018;2,80
44116;Saint-Père-en-Retz;2018;3,90
44117;La Haie-Fouassière;2018;3,50
44118;Port-Saint-Père;2018;2,80
44119;Saint-Lyphard;2018;2,70
44120;Saint-Mars-du-Désert;2018;2,90
44201;Le Pellerin;2018;3,70
44202;Ligné;2018;2,90
44203;Guémené-Penfao;2018;2,00
44204;Missillac;2018;3,20
44205;La Chevrolière;2018;2,90
44206;Saint-Colomban;2018;3,50
44207;Grandchamps-des-Fontaines;2018;3,20
44208;Héric;2018;4,30
44209;Vallons-de-l'Erdre;2018;2,00
44210;La Turballe;2018;2,90
44211;Chaumes-en-Retz;2018;2,80
44212;Geneston;2018;3,40
44213;Sainte-Pazanne;2018;2,10
44214;Herbignac;2018;3,40
44215;Divatte-sur-Loire;2018;2,80
44216;Sucé-sur-Erdre;2018;3,60
44217;Saint-Étienne-de-Montluc;2018;2,70
44218;Machecoul-Saint-Même;2018;2,70
44219;Loireauxence;2018;2,30
44220;Vigneux-de-Bretagne;2018;3,20
44221;Nort-sur-Erdre;2018;3,40
44222;Saint-Philbert-de-Grand-Lieu;2018;3,40
44223;Vallet;2018;3,30
44224;Treillières;2018;2,90
44225;Blain;2018;3,30
44301;Pontchâteau;2018;3,50
44302;Ancenis-Saint-Géréon;2018;3,50
44303;Savenay;2018;3,10
44304;Châteaubriant;2018;3,30
44305;Saint-Julien-de-Concelles;2018;3,50
44306;Pornic;2018;4,20
44601;Saint-Nazaire;2018;4,30
44701;Nantes;2018;4,60
45101;Patay;2018;2,10
45102;Loury;2018;1,90
45103;Chevilly;2018;1,30
45104;Ouzouer-sur-Loire;2018;2,70
45105;Lorris;2018;1,20
45106;Châtillon-Coligny;2018;0,80
45107;Bellegarde-Quiers-sur-Bézonde;2018;1,20
45108;Lailly-en-Val;2018;3,40
45109;Châtillon-sur-Loire;2018;2,50
45110;Traînou;2018;2,00
45111;Puiseaux;2018;1,70
45112;Cléry-Saint-André;2018;2,80
45113;Poilly-lez-Gien;2018;2,90
45114;Sandillon;2018;1,60
45115;Courtenay;2018;2,10
45116;Neuville-aux-Bois;2018;2,20
45201;Ferrières-en-Gâtinais;2018;1,70
45202;Briare;2018;2,80
45203;Fay-aux-Loges;2018;3,10
45204;Chaingy;2018;2,20
45205;La Ferté-Saint-Aubin;2018;2,90
45206;Beaugency;2018;3,60
45207;Pithiviers;2018;2,30
45208;Meung-sur-Loire;2018;3,70
45209;Jargeau;2018;3,00
45210;Châteauneuf-sur-Loire;2018;2,90
45301;Sully-sur-Loire;2018;3,30
45302;Gien;2018;3,00
45501;Montargis;2018;2,40
45701;Orléans;2018;3,00
46101;Luzech;2018;3,30
46102;Prayssac;2018;3,00
46103;Gramat;2018;3,30
46104;Souillac;2018;3,10
46105;Saint-Céré;2018;2,80
46106;Biars-sur-Cère;2018;4,60
46107;Gourdon;2018;4,00
46301;Figeac;2018;4,70
46401;Cahors;2018;4,50
47101;Port-Sainte-Marie;2018;3,50
47102;Layrac;2018;3,60
47103;Gontaud-de-Nogaret;2018;2,60
47104;Casteljaloux;2018;3,10
47105;Aiguillon;2018;3,00
47106;Miramont-de-Guyenne;2018;2,50
47201;Tonneins;2018;2,60
47301;Nérac;2018;3,10
47302;Fumel;2018;2,20
47401;Villeneuve-sur-Lot;2018;2,90
47501;Agen;2018;3,40
48101;Langogne;2018;5,30
48102;La Canourgue;2018;3,50
48103;Saint-Chély-d'Apcher;2018;3,90
48201;Marvejols;2018;1,50
48301;Mende;2018;3,70
49101;La Ménitré;2018;3,30
49102;Cantenay-Épinard;2018;4,60
49103;Ingrandes-Le Fresne sur Loire;2018;3,30
49104;Saint-Christophe-du-Bois;2018;3,30
49105;Bécon-les-Granits;2018;2,80
49106;Candé;2018;2,00
49107;Saint-Lambert-la-Potherie;2018;4,60
49108;Saint-Léger-sous-Cholet;2018;4,40
49109;Seiches-sur-le-Loir;2018;3,90
49110;Trémentines;2018;2,10
49111;Maulévrier;2018;1,90
49112;La Tessoualle;2018;3,10
49113;Vernantes;2018;2,00
49114;Durtal;2018;2,40
49115;Saint-Georges-sur-Loire;2018;4,10
49116;Le May-sur-Èvre;2018;3,10
49117;Montreuil-Bellay;2018;2,40
49118;La Séguinière;2018;4,50
49119;Val d'Erdre-Auxence;2018;2,20
49120;Le Lion-d'Angers;2018;2,90
49201;Rives-du-Loir-en-Anjou;2018;3,10
49202;Allonnes;2018;3,50
49203;Longuenée-en-Anjou;2018;3,60
49204;Chalonnes-sur-Loire;2018;4,10
49205;Beaufort-en-Anjou;2018;3,70
49206;Tiercé;2018;3,10
49207;Montreuil-Juigné;2018;4,30
49208;Lys-Haut-Layon;2018;3,00
49209;Longué-Jumelles;2018;2,50
49210;Gennes-Val-de-Loire;2018;3,60
49211;Les Hauts-d'Anjou;2018;3,40
49212;Ombrée d'Anjou;2018;2,30
49301;Brissac Loire Aubance;2018;4,70
49302;Doué-en-Anjou;2018;2,80
49303;Baugé-en-Anjou;2018;3,10
49304;Montrevault-sur-Èvre;2018;1,70
49305;Orée d'Anjou;2018;3,00
49306;Segré-en-Anjou Bleu;2018;3,20
49307;Mauges-sur-Loire;2018;4,10
49401;Chemillé-en-Anjou;2018;2,60
49402;Beaupréau-en-Mauges;2018;3,40
49403;Loire-Authion;2018;3,50
49404;Sèvremoine;2018;3,30
49405;Saumur;2018;3,50
49501;Cholet;2018;4,10
49701;Angers;2018;5,20
50101;Montmartin-sur-Mer;2018;3,10
50102;Périers;2018;3,00
50103;Marigny-Le-Lozon;2018;2,60
50104;Ducey-Les Chéris;2018;3,60
50105;Pont-Hébert;2018;2,50
50106;Sourdeval;2018;2,30
50107;Les Pieux;2018;2,00
50108;Mortain-Bocage;2018;2,40
50109;Saint-Vaast-la-Hougue;2018;2,80
50110;La Haye;2018;3,30
50111;Condé-sur-Vire;2018;3,60
50112;Pontorson;2018;2,80
50113;Saint-James;2018;2,80
50114;Bréhal;2018;3,50
50201;Villedieu-les-Poêles-Rouffigny;2018;3,50
50202;Bricquebec-en-Cotentin;2018;2,60
50203;Torigny-les-Villes;2018;3,40
50204;Agon-Coutainville;2018;3,00
50205;Valognes;2018;3,10
50206;Saint-Hilaire-du-Harcouët;2018;2,80
50207;Coutances;2018;3,30
50301;Carentan-les-Marais;2018;3,00
50302;Avranches;2018;3,60
50401;Saint-Lô;2018;4,00
50402;Granville;2018;4,30
50501;Cherbourg-en-Cotentin;2018;3,70
51101;Sarry;2018;3,00
51102;Fère-Champenoise;2018;2,70
51103;Muizon;2018;4,90
51104;Dormans;2018;3,60
51105;Courtisols;2018;2,30
51106;Blancs-Coteaux;2018;2,80
51107;Warmeriville;2018;5,80
51108;Montmirail;2018;4,00
51109;Suippes;2018;2,00
51110;Bazancourt;2018;3,70
51111;Sainte-Menehould;2018;4,00
51112;Sézanne;2018;4,90
51201;Witry-lès-Reims;2018;4,40
51202;Mourmelon-le-Grand;2018;2,90
51203;Fismes;2018;3,00
51204;Aÿ-Champagne;2018;3,90
51301;Vitry-le-François;2018;3,10
51401;Épernay;2018;4,30
51501;Châlons-en-Champagne;2018;4,30
51701;Reims;2018;4,90
52101;La Porte du Der;2018;3,00
52102;Chalindrey;2018;4,10
52103;Wassy;2018;3,10
52104;Nogent;2018;4,00
52201;Joinville;2018;2,60
52202;Langres;2018;4,40
52401;Chaumont;2018;3,90
53101;Saint-Pierre-la-Cour;2018;1,90
53102;Renazé;2018;3,30
53103;Gorron;2018;2,40
53104;Loiron-Ruillé;2018;2,50
53105;Ambrières-les-Vallées;2018;2,50
53106;Villaines-la-Juhel;2018;1,80
53107;Argentré;2018;2,40
53108;Meslay-du-Maine;2018;2,80
53109;Cossé-le-Vivien;2018;2,00
53110;Montsûrs;2018;2,20
53111;L'Huisserie;2018;2,60
53112;Louverné;2018;3,80
53113;Craon;2018;3,00
53201;Ernée;2018;2,50
53202;Bonchamp-lès-Laval;2018;2,80
53203;Évron;2018;3,20
53301;Mayenne;2018;2,80
53302;Château-Gontier-sur-Mayenne;2018;3,40
53501;Laval;2018;3,60
54101;Foug;2018;3,60
54102;Gorcy;2018;1,70
54103;Gondreville;2018;6,30
54104;Rosières-aux-Salines;2018;5,80
54105;Audun-le-Roman;2018;3,10
54106;Valleroy;2018;3,20
54107;Hussigny-Godbrange;2018;2,90
54108;Richardménil;2018;5,80
54109;Pagny-sur-Moselle;2018;2,40
54110;Piennes;2018;2,30
54111;Dieulouard;2018;3,70
54112;Baccarat;2018;2,00
54201;Tucquegnieux;2018;2,40
54202;Longuyon;2018;2,70
54203;Blainville-sur-l'Eau;2018;3,50
54204;Ludres;2018;6,30
54205;Val de Briey;2018;3,10
54301;Jarny;2018;2,50
54302;Neuves-Maisons;2018;3,20
54401;Dombasle-sur-Meurthe;2018;4,00
54402;Lunéville;2018;5,40
54403;Toul;2018;5,10
54404;Pont-à-Mousson;2018;4,10
54405;Longwy (partie française);2018;3,00
54701;Nancy;2018;5,00
55101;Montmédy;2018;3,20
55102;Revigny-sur-Ornain;2018;4,70
55103;Stenay;2018;3,20
55104;Bouligny;2018;3,00
55105;Étain;2018;3,90
55106;Saint-Mihiel;2018;3,00
55201;Commercy;2018;3,70
55202;Ligny-en-Barrois;2018;3,30
55301;Bar-le-Duc;2018;3,00
55401;Verdun;2018;3,80
56101;Saint-Pierre-Quiberon;2018;3,80
56102;Arzon;2018;2,20
56103;Meucon;2018;5,10
56104;Bono;2018;4,00
56105;Josselin;2018;4,40
56106;Le Palais;2018;6,80
56107;Sainte-Anne-d'Auray;2018;4,40
56108;Le Faouët;2018;2,40
56109;Camors;2018;3,00
56110;Merlevenez;2018;3,50
56111;Monterblanc;2018;2,00
56112;Locqueltas;2018;3,90
56113;Noyal-Pontivy;2018;2,60
56114;Sulniac;2018;3,20
56115;Pont-Scorff;2018;3,60
56116;Saint-Nolff;2018;3,10
56117;Gourin;2018;2,90
56118;Landévant;2018;3,30
56119;La Gacilly;2018;3,60
56120;Baden;2018;2,80
56121;Surzur;2018;3,80
56122;Malestroit;2018;2,70
56123;Quiberon;2018;3,20
56201;Muzillac;2018;4,10
56202;Arradon;2018;4,50
56203;Plouhinec;2018;3,40
56204;Grand-Champ;2018;2,90
56205;Plouay;2018;3,70
56206;Elven;2018;4,30
56207;Guer;2018;3,70
56208;Baud;2018;3,40
56209;Ploeren;2018;7,10
56210;Kervignac;2018;4,00
56211;Pluvigner;2018;2,60
56212;Questembert;2018;3,90
56213;Theix-Noyalo;2018;5,10
56214;Languidic;2018;3,80
56215;Locminé;2018;3,60
56216;Sarzeau;2018;3,20
56217;Belz;2018;3,40
56301;Ploërmel;2018;4,30
56302;Guidel;2018;4,20
56303;Riantec-Locmiquélic;2018;2,50
56304;Carnac;2018;3,80
56305;Pontivy;2018;2,90
56401;Hennebont;2018;4,80
56402;Auray;2018;5,10
56501;Vannes;2018;4,60
56601;Lorient;2018;4,50
57101;Mandelbachtal (ALL)-Blies-Guersviller (partie française);2018;1,90
57102;Rouhling;2018;3,90
57103;Tressange;2018;3,50
57104;Amanvillers;2018;1,40
57105;Dudelange (LUX)-Volmerange-les-Mines (partie française);2018;2,30
57106;Basse-Ham;2018;3,60
57107;Metzervisse;2018;2,10
57108;Farschviller;2018;2,90
57109;Diebling;2018;3,30
57110;Aumetz;2018;3,70
57111;Château-Salins;2018;4,20
57112;Porcelette;2018;3,70
57113;Boulange;2018;3,00
57114;Hundling;2018;3,40
57115;Schœneck;2018;2,30
57116;Neufchef;2018;2,60
57117;Alsting;2018;2,30
57118;Verny;2018;2,30
57119;Troisfontaines;2018;3,90
57120;Peltre;2018;3,30
57121;Dieuze;2018;3,20
57122;Puttelange-aux-Lacs;2018;3,10
57123;Fontoy;2018;3,70
57124;Kayl (LUX)-Ottange (partie française);2018;2,00
57125;Courcelles-Chaussy;2018;3,50
57126;Bousse;2018;4,00
57127;Woustviller;2018;3,90
57128;Kleinblittersdorf (ALL)-Grosbliederstroff (partie française);2018;4,00
57129;Rohrbach-lès-Bitche;2018;2,90
57130;Falck;2018;2,70
57131;Longeville-lès-Saint-Avold;2018;4,80
57132;Novéant-sur-Moselle;2018;2,90
57133;Morhange;2018;3,10
57134;Bouzonville;2018;2,90
57135;Sarralbe;2018;3,60
57136;Perl (ALL)-Sierck-les-Bains (partie française);2018;2,10
57201;Bitche;2018;2,60
57202;Ay-sur-Moselle;2018;4,60
57203;Boulay-Moselle;2018;3,00
57204;Phalsbourg;2018;3,80
57205;Marange-Silvange;2018;3,50
57206;Farébersviller;2018;3,80
57207;Hettange-Grande;2018;2,20
57208;Guénange;2018;5,90
57301;Faulquemont;2018;3,40
57302;Sarrebourg;2018;3,90
57303;Creutzwald;2018;3,30
57401;Sarreguemines (partie française);2018;3,80
57402;Saint-Avold (partie française);2018;4,00
57501;Sarrebruck (ALL)-Forbach (partie française);2018;3,90
57601;Thionville;2018;3,90
57701;Metz;2018;4,70
58101;Pougues-les-Eaux;2018;3,50
58102;Guérigny;2018;1,30
58103;La Machine;2018;1,60
58104;Imphy;2018;1,10
58105;Marzy;2018;2,80
58106;Clamecy;2018;3,20
58107;La Charité-sur-Loire;2018;1,70
58201;Decize;2018;1,50
58202;Cosne-Cours-sur-Loire;2018;2,50
58501;Nevers;2018;3,60
59101;Villers-Outréaux;2018;3,20
59102;Esquelbecq;2018;2,70
59103;Mons-en-Pévèle;2018;3,50
59104;Walincourt-Selvigny;2018;3,30
59105;Bertry;2018;4,00
59106;Fournes-en-Weppes;2018;5,50
59107;Bersée;2018;4,30
59108;Attiches;2018;3,60
59109;Herlies;2018;5,00
59110;Camphin-en-Pévèle;2018;3,90
59111;Saint-Hilaire-lez-Cambrai;2018;4,00
59112;Monchecourt;2018;2,60
59113;Nomain;2018;4,10
59114;Artres;2018;3,40
59115;Steenbecque;2018;3,40
59116;Genech;2018;3,90
59117;Sebourg;2018;4,50
59118;Haspres;2018;3,70
59119;Féchain;2018;2,60
59120;Sains-du-Nord;2018;3,50
59121;Radinghem-en-Weppes;2018;5,80
59122;Coutiches;2018;5,20
59123;Spycker;2018;3,20
59124;Haveluy;2018;3,90
59125;Anor;2018;3,20
59126;Iwuy;2018;4,90
59127;Houplin-Ancoisne;2018;5,10
59128;Landrecies;2018;2,90
59129;Bachy;2018;3,60
59130;Avesnes-les-Aubert;2018;3,00
59131;Gommegnies;2018;3,00
59132;Marquillies;2018;4,00
59133;Busigny;2018;3,70
59134;Hondschoote;2018;1,60
59135;Boeschepe;2018;3,00
59136;Steenvoorde;2018;4,50
59137;Gondecourt;2018;4,20
59138;Trélon;2018;2,60
59139;Phalempin;2018;4,80
59140;Poix-du-Nord;2018;3,10
59201;Bavay;2018;3,00
59202;Solesmes;2018;3,60
59203;Mortagne-du-Nord (partie française);2018;2,90
59204;Flines-lez-Raches;2018;2,90
59205;Wormhout;2018;2,90
59206;Marchiennes;2018;4,50
59207;Masnières;2018;4,30
59208;Bourbourg;2018;3,40
59209;Le Cateau-Cambrésis;2018;3,90
59210;Le Quesnoy;2018;3,40
59211;Avesnes-sur-Helpe;2018;3,60
59212;Téteghem-Coudekerque-Village;2018;5,10
59301;Bray-Dunes;2018;2,40
59302;Bergues;2018;3,50
59303;Cysoing;2018;4,20
59304;Annœullin;2018;3,60
59305;Wavrin;2018;4,30
59306;Fourmies;2018;3,20
59307;Templeuve-en-Pévèle;2018;4,30
59308;Orchies;2018;4,70
59309;Caudry;2018;3,50
59401;Hazebrouck;2018;3,40
59402;Saint-Amand-les-Eaux;2018;4,40
59403;Cambrai;2018;3,80
59501;Armentières (partie française);2018;4,70
59601;Maubeuge (partie française);2018;3,30
59602;Dunkerque;2018;3,90
59701;Valenciennes (partie française);2018;4,50
59702;Lille (partie française);2018;5,00
60101;Bailleul-sur-Thérain;2018;2,10
60102;Ressons-sur-Matz;2018;2,00
60103;Le Mesnil-en-Thelle;2018;2,80
60104;Maignelay-Montigny;2018;3,10
60105;Sérifontaine;2018;1,10
60106;Feuquières;2018;2,80
60107;Saint-Paul;2018;3,50
60108;Saint-Sauveur;2018;2,50
60109;Noailles;2018;3,40
60110;Tracy-le-Mont;2018;2,40
60111;Auneuil;2018;1,50
60112;Andeville;2018;1,70
60113;Sainte-Geneviève;2018;1,80
60114;Chaumont-en-Vexin;2018;1,10
60115;Crèvecœur-le-Grand;2018;3,00
60116;Neuilly-en-Thelle;2018;2,00
60117;Grandvilliers;2018;3,30
60118;Béthisy-Saint-Pierre;2018;2,50
60119;Bresles;2018;2,70
60120;Lachapelle-aux-Pots;2018;2,10
60121;Nanteuil-le-Haudouin;2018;2,50
60122;Breteuil;2018;2,90
60123;Estrées-Saint-Denis;2018;2,40
60124;Verberie;2018;3,40
60125;Cires-lès-Mello;2018;2,10
60201;Hermes;2018;2,10
60202;Bornel;2018;1,90
60203;Le Plessis-Belleville;2018;2,80
60204;Ribécourt-Dreslincourt;2018;3,10
60205;Trosly-Breuil;2018;3,10
60206;Orry-la-Ville;2018;3,00
60207;Saint-Just-en-Chaussée;2018;2,30
60208;Lacroix-Saint-Ouen;2018;3,40
60301;Mouy;2018;2,20
60302;Méru;2018;1,90
60303;Crépy-en-Valois;2018;3,00
60304;Senlis;2018;3,20
60305;Noyon;2018;3,00
60306;Pont-Sainte-Maxence;2018;2,60
60401;Clermont;2018;2,40
60402;Chantilly;2018;3,30
60501;Beauvais;2018;3,80
60502;Compiègne;2018;3,80
60601;Creil;2018;3,20
61101;Bellême;2018;2,20
61102;Bagnoles de l'Orne Normandie;2018;2,20
61103;Vimoutiers;2018;2,60
61104;Sées;2018;2,70
61105;Domfront en Poiraie;2018;3,00
61106;Mortagne-au-Perche;2018;2,30
61107;Tinchebray-Bocage;2018;1,70
61201;La Ferté Macé;2018;2,40
61301;L'Aigle;2018;2,80
61302;Argentan;2018;3,10
61401;Flers;2018;2,70
62101;Rœux;2018;2,70
62102;Fruges;2018;3,40
62103;Fauquembergues;2018;3,40
62104;Auxi-le-Château;2018;2,50
62105;Auchy-lès-Hesdin;2018;3,80
62106;Équihen-Plage;2018;4,00
62107;Norrent-Fontes;2018;3,10
62108;Enquin-lez-Guinegatte;2018;3,30
62109;Pernes;2018;2,60
62110;Ferques;2018;3,60
62111;Beaurainville;2018;3,10
62112;Saint-Folquin;2018;4,90
62113;Frévent;2018;2,30
62114;Aubigny-en-Artois;2018;3,40
62115;Camiers;2018;3,30
62116;Bapaume;2018;3,00
62117;Vimy;2018;4,80
62118;Biache-Saint-Vaast;2018;2,60
62119;Samer;2018;3,40
62201;Oye-Plage;2018;3,20
62202;Desvres;2018;2,90
62203;Montreuil;2018;4,90
62204;Hesdin;2018;3,10
62205;Guînes;2018;3,30
62206;Neufchâtel-Hardelot;2018;3,70
62207;Ardres;2018;2,00
62208;Saint-Pol-sur-Ternoise;2018;2,80
62209;Marquise;2018;4,20
62210;Lumbres;2018;2,90
62211;Audruicq;2018;2,60
62301;Wimereux;2018;5,10
62401;Berck;2018;4,90
62501;Boulogne-sur-Mer;2018;5,30
62502;Arras;2018;4,70
62503;Calais;2018;3,90
63101;Coudes;2018;6,50
63102;Saint-Bonnet-près-Riom;2018;3,80
63103;Pérignat-sur-Allier;2018;4,20
63104;Champeix;2018;2,10
63105;La Bourboule;2018;3,00
63106;Ennezat;2018;2,90
63107;Orcet;2018;5,40
63108;Pérignat-lès-Sarliève;2018;7,40
63109;Puy-Guillaume;2018;2,40
63110;Maringues;2018;2,60
63111;Aigueperse;2018;2,50
63112;Orcines;2018;3,20
63113;Mur-sur-Allier;2018;4,00
63114;La Monnerie-le-Montel;2018;2,70
63115;Vertaizon;2018;3,30
63116;Saint-Georges-de-Mons;2018;2,80
63117;Courpière;2018;2,40
63118;Saint-Amant-Tallende;2018;3,80
63119;Volvic;2018;3,60
63120;La Roche-Blanche;2018;4,30
63121;Billom;2018;3,00
63201;Vic-le-Comte;2018;3,10
63202;Saint-Éloy-les-Mines;2018;2,70
63203;Lezoux;2018;2,90
63204;Ambert;2018;3,00
63301;Veyre-Monton;2018;5,40
63302;Pont-du-Château;2018;3,70
63303;Thiers;2018;2,50
63304;Issoire;2018;4,80
63401;Riom;2018;3,80
63701;Clermont-Ferrand;2018;4,30
64101;Puyoô;2018;4,90
64102;Navarrenx;2018;3,10
64103;Saint-Palais;2018;4,30
64104;Artix;2018;4,70
64105;Arudy;2018;4,20
64106;Salies-de-Béarn;2018;3,30
64107;Saint-Jean-Pied-de-Port;2018;4,00
64201;Soumoulou;2018;3,20
64202;Mauléon-Licharre;2018;4,40
64203;Saint-Pée-sur-Nivelle;2018;3,60
64204;Hasparren;2018;3,50
64301;Orthez;2018;3,00
64302;Mourenx;2018;3,60
64303;Oloron-Sainte-Marie;2018;3,60
64701;Pau;2018;4,20
65101;Luz-Saint-Sauveur;2018;4,10
65102;Ossun;2018;3,60
65103;Maubourguet;2018;3,40
65201;Vic-en-Bigorre;2018;2,80
65202;Juillan;2018;3,60
65203;Argelès-Gazost;2018;3,80
65204;Lannemezan;2018;4,40
65301;Bagnères-de-Bigorre;2018;3,50
65302;Lourdes;2018;4,20
65501;Tarbes;2018;3,80
66101;Puigcerda (ESP)-Bourg-Madame (partie française);2018;4,40
66102;Estagel;2018;3,20
66103;Trouillas;2018;3,00
66104;Baixas;2018;1,60
66105;Saint-Nazaire;2018;4,30
66106;Ponteilla;2018;2,90
66107;Saint-Génis-des-Fontaines;2018;4,00
66108;Saint-Hippolyte;2018;3,20
66109;Vinça;2018;2,70
66110;Villelongue-de-la-Salanque;2018;4,30
66111;Espira-de-l'Agly;2018;1,90
66112;Salses-le-Château;2018;1,90
66113;Villeneuve-de-la-Raho;2018;5,70
66114;Bages;2018;3,50
66115;Claira;2018;2,70
66116;Millas;2018;4,10
66117;Banyuls-sur-Mer;2018;4,00
66118;Sainte-Marie;2018;3,00
66119;Pollestres;2018;4,10
66201;Saleilles;2018;4,80
66202;Le Boulou;2018;3,90
66203;Amélie-les-Bains-Palalda;2018;3,30
66204;Ille-sur-Têt;2018;2,90
66205;Prades;2018;3,20
66206;Thuir;2018;3,00
66301;Canet-en-Roussillon;2018;4,60
66302;Céret;2018;4,00
66501;Saint-Cyprien;2018;4,40
66701;Perpignan;2018;4,30
67101;Muttersholtz;2018;3,90
67102;Furdenheim;2018;3,30
67103;Griesheim-près-Molsheim;2018;4,00
67104;Kogenheim;2018;5,20
67105;Dambach-la-Ville;2018;4,90
67106;Ebersheim;2018;5,60
67107;Epfig;2018;6,20
67108;Lauterbourg;2018;1,60
67109;Offendorf;2018;3,30
67110;Kilstett;2018;2,90
67111;Geudertheim;2018;2,50
67112;Dettwiller;2018;4,50
67113;Hilsenheim;2018;3,60
67114;Matzenheim;2018;4,10
67115;Marmoutier;2018;3,90
67116;Mothern;2018;2,20
67117;Sarre-Union;2018;3,60
67118;Weitbruch;2018;3,10
67119;Duttlenheim;2018;4,20
67120;Villé;2018;3,80
67121;Andlau;2018;5,10
67122;Schirrhein;2018;3,70
67123;Sessenheim;2018;3,90
67124;Wingersheim les Quatre Bans;2018;3,10
67125;Soultz-sous-Forêts;2018;3,80
67126;Oberhaslach;2018;2,60
67127;Scherwiller;2018;6,30
67128;Ittenheim;2018;4,20
67129;Seltz;2018;3,00
67130;Mertzwiller;2018;4,10
67131;Weyersheim;2018;3,30
67132;Gerstheim;2018;2,60
67133;Holtzheim;2018;5,50
67134;Dingsheim;2018;3,10
67135;Wittisheim;2018;3,50
67136;Gries;2018;3,40
67137;Bouxwiller;2018;4,00
67138;Truchtersheim;2018;2,60
67139;Rhinau;2018;2,60
67140;Marckolsheim;2018;3,20
67141;Betschdorf;2018;3,30
67142;Châtenois;2018;6,40
67143;Rœschwoog;2018;3,40
67144;Hœrdt;2018;5,80
67145;Bœrsch;2018;3,20
67146;Herrlisheim;2018;4,80
67147;Gambsheim;2018;4,00
67148;Soufflenheim;2018;4,50
67201;Ingwiller;2018;4,20
67202;Drusenheim;2018;3,50
67203;Wasselonne;2018;3,40
67204;Hochfelden;2018;4,00
67205;La Wantzenau;2018;3,10
67206;Val-de-Moder;2018;4,10
67207;Marlenheim;2018;3,60
67208;Entzheim;2018;4,90
67209;Wissembourg (partie française);2018;2,80
67210;Geispolsheim;2018;4,80
67211;Benfeld;2018;4,40
67212;Rosheim;2018;4,50
67213;Barr;2018;3,80
67301;Brumath;2018;5,20
67302;Erstein;2018;3,50
67303;Obernai;2018;4,30
67304;La Broque;2018;4,80
67305;Reichshoffen-Niederbronn-les-Bains;2018;4,40
67306;Saverne;2018;4,00
67307;Sélestat;2018;4,90
67401;Molsheim;2018;4,40
67501;Haguenau;2018;4,50
67701;Strasbourg (partie française);2018;5,40
68101;Hirsingue;2018;3,30
68102;Labaroche;2018;2,00
68103;Rosenau;2018;3,00
68104;Eschentzwiller;2018;2,80
68105;Lièpvre;2018;3,40
68106;Biesheim;2018;2,30
68107;Kirchberg;2018;2,10
68108;Hochstatt;2018;3,60
68109;Sainte-Croix-en-Plaine;2018;3,90
68110;Fessenheim;2018;2,30
68111;Soultzmatt;2018;2,20
68112;Orbey;2018;3,20
68113;Porte du Ried;2018;4,20
68114;Burnhaupt-le-Haut;2018;3,50
68115;Waldighofen;2018;3,40
68116;Masevaux-Niederbruck;2018;2,90
68117;Zillisheim;2018;1,70
68118;Andolsheim;2018;3,50
68119;Illfurth;2018;2,70
68120;Bennwihr;2018;4,20
68121;Landser;2018;1,80
68122;Rouffach;2018;3,10
68123;Blotzheim;2018;3,10
68124;Sierentz;2018;3,30
68125;Ribeauvillé;2018;2,60
68201;Dannemarie;2018;2,30
68202;Neuf-Brisach;2018;2,70
68203;Kaysersberg Vignoble;2018;4,20
68204;Sainte-Marie-aux-Mines;2018;3,80
68205;Altkirch;2018;3,30
68206;Kembs;2018;3,20
68207;Ensisheim;2018;2,90
68208;Saint-Amarin;2018;2,90
68301;Munster;2018;3,70
68401;Guebwiller;2018;2,60
68402;Thann-Cernay;2018;3,30
68403;Bâle (SUI)-Saint-Louis (partie française);2018;2,80
68501;Colmar;2018;4,40
68701;Mulhouse;2018;3,80
69101;Saint-Laurent-d'Agny;2018;2,50
69102;Sainte-Foy-l'Argentière;2018;3,00
69103;Beaujeu;2018;2,00
69104;Saint-Symphorien-sur-Coise;2018;3,50
69105;Saint-Martin-en-Haut;2018;2,30
69106;Pusignan;2018;3,30
69107;Saint-Georges-de-Reneins;2018;3,50
69108;Cours;2018;1,60
69109;Soucieu-en-Jarrest;2018;3,00
69110;Saint-Pierre-de-Chandieu;2018;1,80
69111;Amplepuis;2018;2,50
69201;Jonage;2018;1,40
69202;Mornant;2018;2,20
69203;Thizy;2018;2,40
69204;Saint-Germain-au-Mont-d'Or;2018;3,70
69205;Saint-Étienne-des-Oullières;2018;2,40
69301;Val d'Oingt;2018;3,00
69302;Saint-Laurent-de-Mure;2018;2,90
69303;Tarare;2018;2,30
69401;L'Arbresle;2018;3,20
70101;Rioz;2018;4,30
70102;Plancher-les-Mines;2018;2,20
70103;Port-sur-Saône;2018;4,90
70104;Mélisey;2018;3,80
70105;Saint-Loup-sur-Semouse;2018;2,60
70106;Fougerolles-Saint-Valbert;2018;4,00
70201;Champagney-Ronchamp;2018;2,90
70202;Gray;2018;4,00
70301;Héricourt;2018;3,10
70302;Lure;2018;3,30
70303;Luxeuil-les-Bains;2018;3,30
70401;Vesoul;2018;5,00
71101;Buxy;2018;2,10
71102;Épinac;2018;2,00
71103;La Roche-Vineuse;2018;3,50
71104;Saint-Martin-Belle-Roche;2018;3,70
71105;Verdun-sur-le-Doubs;2018;2,20
71106;Charolles;2018;3,40
71107;La Clayette;2018;3,50
71108;Marcigny;2018;2,40
71109;Gergy;2018;2,50
71110;Sennecey-le-Grand;2018;3,10
71111;Bourbon-Lancy;2018;2,40
71201;Givry;2018;3,30
71202;Cluny;2018;2,80
71203;Ouroux-sur-Saône;2018;3,00
71204;Tournus;2018;3,10
71205;Montchanin;2018;2,00
71206;Gueugnon;2018;1,30
71207;Paray-le-Monial;2018;2,90
71301;Louhans;2018;2,80
71302;Autun;2018;3,10
71401;Le Creusot;2018;2,60
71402;Montceau-les-Mines;2018;3,10
71501;Chalon-sur-Saône;2018;3,90
72101;Saint-Georges-du-Bois;2018;2,20
72102;Brette-les-Pins;2018;1,20
72103;La Chartre-sur-le-Loir;2018;3,40
72104;Joué-l'Abbé;2018;2,50
72105;Trangé;2018;2,50
72106;Loué;2018;2,80
72107;Vibraye;2018;2,10
72108;Noyen-sur-Sarthe;2018;2,20
72109;Sillé-le-Guillaume;2018;4,30
72110;Spay;2018;3,50
72111;Précigné;2018;3,20
72112;Mayet;2018;2,40
72113;Cérans-Foulletourte;2018;2,00
72114;La Bazoge;2018;2,40
72115;Fresnay-sur-Sarthe;2018;1,10
72116;Saint-Calais;2018;1,20
72117;Sainte-Jamme-sur-Sarthe;2018;2,60
72118;Connerré;2018;2,20
72119;Le Lude;2018;2,00
72120;Bonnétable;2018;1,50
72201;Parigné-l'Évêque;2018;1,60
72202;Écommoy;2018;2,10
72203;Mamers;2018;2,60
72204;La Suze-sur-Sarthe;2018;2,40
72205;Montval-sur-Loir;2018;2,70
72206;Champagné;2018;2,60
72301;La Ferté-Bernard;2018;2,20
72302;Sablé-sur-Sarthe;2018;2,80
72303;La Flèche;2018;2,90
72701;Le Mans;2018;3,30
73101;Saint-Julien-Mont-Denis;2018;3,10
73102;La Biolle;2018;3,60
73103;Saint-Michel-de-Maurienne;2018;3,00
73104;Yenne;2018;2,70
73105;Beaufort;2018;5,90
73106;Modane;2018;3,10
73107;Grand-Aigueblanche;2018;4,20
73108;Aime-la-Plagne;2018;5,40
73109;Moûtiers;2018;4,60
73110;Saint-Étienne-de-Cuines;2018;3,00
73111;Saint-Pierre-d'Albigny;2018;2,50
73201;Montmélian;2018;3,00
73202;Entrelacs;2018;3,40
73203;Ugine;2018;3,40
73204;Saint-Jean-de-Maurienne;2018;3,50
73205;Bourg-Saint-Maurice;2018;6,00
73401;Albertville;2018;3,30
73601;Chambéry;2018;4,50
74101;Le Grand-Bornand;2018;5,80
74102;Vulbens;2018;1,30
74103;Frangy;2018;0,90
74104;Beaumont;2018;2,50
74105;Magland;2018;3,20
74106;Taninges;2018;5,80
74107;Abondance;2018;5,30
74108;Groisy;2018;4,00
74109;Veigy-Foncenex;2018;2,00
74110;Saint-Paul-en-Chablais;2018;3,30
74111;Samoëns;2018;3,20
74112;Cruseilles;2018;2,60
74113;Morzine;2018;5,40
74114;Saint-Jeoire;2018;2,20
74115;Valleiry;2018;1,50
74201;Saint-Félix;2018;4,00
74202;Viry;2018;1,90
74203;Saint-Cergues;2018;2,60
74204;Perrignier;2018;1,60
74205;Douvaine;2018;2,40
74206;Veyrier-du-Lac;2018;2,80
74207;Messery;2018;1,60
74208;Bons-en-Chablais;2018;2,20
74209;Faverges-Seythenex;2018;3,00
74210;Thônes;2018;5,20
74301;Chamonix-Mont-Blanc;2018;4,30
74302;Rumilly;2018;3,20
74303;Fillière;2018;3,70
74501;Thonon-les-Bains;2018;3,10
74502;Cluses;2018;2,70
74601;Annecy;2018;4,80
76101;Ymare;2018;3,70
76102;Sahurs;2018;2,30
76103;La Neuville-Chant-d'Oisel;2018;3,70
76104;Jumièges;2018;2,20
76105;Préaux;2018;2,80
76106;Yerville;2018;3,30
76107;Criquetot-l'Esneval;2018;2,10
76108;Saint-Nicolas-de-la-Taille;2018;3,40
76109;Fontaine-le-Bourg;2018;3,30
76110;Criel-sur-Mer;2018;2,10
76111;Houppeville;2018;3,50
76112;Saint-Jacques-sur-Darnétal;2018;4,00
76113;Goderville;2018;3,10
76114;Doudeville;2018;2,80
76115;Longueville-sur-Scie;2018;3,10
76116;Cany-Barville;2018;3,40
76117;Offranville;2018;4,00
76118;Arelaune-en-Seine;2018;3,30
76119;Hautot-sur-Mer;2018;3,00
76120;Luneray;2018;2,20
76121;Saint-Saëns;2018;4,10
76122;Saint-Valery-en-Caux;2018;2,90
76123;Terres-de-Caux;2018;3,30
76124;Duclair;2018;2,80
76125;Rives-en-Seine;2018;3,60
76126;Forges-les-Eaux;2018;4,00
76127;Le Trait;2018;1,80
76201;Saint-Nicolas-d'Aliermont;2018;2,60
76202;Neufchâtel-en-Bray;2018;5,00
76203;Saint-Romain-de-Colbosc;2018;3,30
76204;Gournay-en-Bray;2018;3,00
76205;Petit-Caux;2018;2,10
76301;Yvetot;2018;3,70
76302;Bolbec;2018;3,30
76303;Barentin;2018;3,70
76401;Fécamp;2018;2,60
76402;Lillebonne;2018;3,00
76403;Dieppe;2018;4,10
76701;Le Havre;2018;3,40
77101;Samois-sur-Seine;2018;2,90
77102;Saint-Augustin;2018;3,00
77103;Pontcarré;2018;3,40
77104;Rebais;2018;1,60
77105;La Chapelle-la-Reine;2018;2,10
77106;Grisy-Suisnes;2018;1,70
77107;Saint-Jean-les-Deux-Jumeaux;2018;2,10
77108;La Grande-Paroisse;2018;2,30
77109;Évry-Grégy-sur-Yerre;2018;4,40
77110;Château-Landon;2018;1,80
77111;Moussy-le-Neuf;2018;1,40
77112;Boissy-le-Châtel;2018;2,40
77113;Verneuil-l'Étang;2018;1,70
77114;Chaumes-en-Brie;2018;2,10
77115;Saint-Soupplets;2018;1,90
77116;Annet-sur-Marne;2018;2,20
77117;Donnemarie-Dontilly;2018;1,70
77118;Chauconin-Neufmontiers;2018;3,10
77119;Bray-sur-Seine;2018;1,60
77120;Villevaudé;2018;3,70
77121;Longueville;2018;2,40
77122;Rozay-en-Brie;2018;3,00
77123;Chailly-en-Bière;2018;2,40
77124;Chevry-Cossigny;2018;2,30
77125;Guignes;2018;1,90
77126;Jouarre;2018;2,30
77127;Le Châtelet-en-Brie;2018;1,30
77128;Saâcy-sur-Marne;2018;1,90
77129;Lizy-sur-Ourcq;2018;1,60
77130;Mormant;2018;2,20
77201;Coubert;2018;1,90
77202;Bourron-Marlotte;2018;2,50
77203;Fontenay-Trésigny;2018;2,60
77204;Othis;2018;1,60
77205;La Ferté-Gaucher;2018;1,20
77206;Saint-Pathus;2018;2,00
77207;Nangis;2018;2,20
77208;Bois-le-Roi;2018;2,50
77301;La Ferté-sous-Jouarre;2018;1,90
77302;Claye-Souilly;2018;2,60
77303;Provins;2018;2,70
77304;Dammartin-en-Goële;2018;2,40
77305;Gretz-Armainvilliers;2018;2,40
77306;Brie-Comte-Robert;2018;2,50
77401;Nemours;2018;2,30
77402;Coulommiers;2018;2,70
77403;Champagne-sur-Seine;2018;2,60
77404;Montereau-Fault-Yonne;2018;3,10
77405;Fontainebleau;2018;3,10
77501;Bailly-Romainvilliers;2018;2,40
77502;Meaux;2018;2,90
78101;Bouafle;2018;3,80
78102;Septeuil;2018;1,70
78103;Orgerus;2018;1,80
78104;Feucherolles;2018;2,20
78105;Ablis;2018;3,80
78106;Ecquevilly;2018;3,00
78107;Houdan;2018;2,60
78108;Garancières-La Queue-les-Yvelines;2018;2,40
78201;Montfort-l'Amaury;2018;2,50
78202;Saint-Arnoult-en-Yvelines;2018;2,20
78203;Rosny-sur-Seine;2018;1,90
78204;Le Perray-en-Yvelines;2018;3,00
78205;Beynes;2018;2,20
78206;Les Essarts-le-Roi;2018;2,70
78301;Aubergenville;2018;3,60
78302;Bonnières-sur-Seine;2018;2,20
78303;Noisy-le-Roi;2018;2,80
78401;Épône;2018;2,70
78402;Rambouillet;2018;3,00
79101;Prahecq;2018;2,10
79102;Coulon;2018;2,70
79103;Coulonges-sur-l'Autize;2018;2,00
79104;Chef-Boutonne;2018;3,50
79105;Magné;2018;2,60
79106;Mauzé-sur-le-Mignon;2018;4,10
79107;Frontenay-Rohan-Rohan;2018;3,60
79108;Celles-sur-Belle;2018;3,00
79109;Airvault;2018;3,70
79201;Moncoutant-sur-Sèvre;2018;2,30
79202;Échiré;2018;3,10
79203;Nueil-les-Aubiers;2018;1,90
79204;La Crèche;2018;3,90
79205;Cerizay;2018;2,70
79206;Melle;2018;4,30
79207;Mauléon;2018;2,00
79301;Saint-Maixent-l'École;2018;3,00
79302;Thouars;2018;3,90
79303;Parthenay;2018;3,00
79304;Bressuire;2018;3,00
79501;Niort;2018;3,90
80101;Flesselles;2018;4,50
80102;Chaulnes;2018;4,30
80103;Beauval;2018;4,40
80104;Vignacourt;2018;5,10
80105;Airaines;2018;3,80
80106;Poix-de-Picardie;2018;3,80
80107;Cayeux-sur-Mer;2018;2,60
80108;Béthencourt-sur-Mer;2018;4,60
80109;Saint-Valery-sur-Somme;2018;3,60
80110;Longpré-les-Corps-Saints;2018;3,60
80111;Nesle;2018;3,20
80112;Rue;2018;4,70
80113;Ailly-sur-Noye;2018;3,30
80114;Rosières-en-Santerre;2018;3,60
80115;Flixecourt;2018;5,40
80116;Villers-Bretonneux;2018;4,60
80117;Moreuil;2018;3,90
80118;Feuquières-en-Vimeu-Fressenneville;2018;3,70
80201;Ailly-sur-Somme;2018;3,40
80202;Roye;2018;2,90
80203;Montdidier;2018;4,00
80204;Doullens;2018;3,60
80205;Friville-Escarbotin;2018;4,40
80206;Ham;2018;2,80
80207;Saint-Léger-lès-Domart;2018;4,40
80208;Corbie;2018;4,20
80209;Péronne;2018;3,50
80210;Albert;2018;4,40
80401;Abbeville;2018;4,40
80601;Amiens;2018;5,60
81101;Saint-Amans-Soult;2018;2,40
81102;Lacaune;2018;5,40
81103;Réalmont;2018;2,90
81104;Lisle-sur-Tarn;2018;4,10
81201;Labruguière;2018;3,00
81202;Marssac-sur-Tarn;2018;4,10
81203;Rabastens;2018;3,90
81204;Saint-Sulpice;2018;3,50
81301;Lavaur;2018;3,20
81302;Graulhet;2018;3,50
81303;Carmaux;2018;3,10
81304;Gaillac;2018;4,20
81401;Mazamet;2018;2,60
81501;Castres;2018;3,60
81502;Albi;2018;4,50
82101;Septfonds;2018;4,20
82102;Saint-Nicolas-de-la-Grave;2018;4,20
82103;Lafrançaise;2018;1,80
82104;La Ville-Dieu-du-Temple;2018;2,70
82105;Dieupentale;2018;3,50
82106;Albias;2018;3,10
82107;Meauzac;2018;2,40
82108;Beaumont-de-Lomagne;2018;3,80
82109;Verdun-sur-Garonne;2018;3,00
82201;Nègrepelisse;2018;2,80
82202;Montech;2018;2,40
82203;Valence;2018;3,40
82204;Caussade;2018;3,30
82301;Labastide-Saint-Pierre;2018;3,30
82401;Castelsarrasin;2018;3,10
82501;Montauban;2018;3,90
83101;Plan-d'Aups-Sainte-Baume;2018;2,30
83102;Aups;2018;3,10
83103;La Roquebrussanne;2018;3,00
83104;Seillons-Source-d'Argens;2018;1,60
83105;Figanières;2018;2,90
83106;Bras;2018;2,90
83107;Néoules;2018;2,50
83108;Les Adrets-de-l'Estérel;2018;0,80
83109;Bagnols-en-Forêt;2018;2,40
83110;Le Plan-de-la-Tour;2018;2,50
83111;Signes;2018;0,50
83112;Régusse;2018;1,60
83113;Barjols;2018;4,20
83114;Carcès;2018;2,90
83115;Cotignac;2018;2,70
83116;Flassans-sur-Issole;2018;3,20
83117;Callas;2018;2,50
83118;Rians;2018;2,60
83119;Vinon-sur-Verdon;2018;5,30
83120;Puget-Ville;2018;2,80
83121;Nans-les-Pins;2018;3,20
83122;Forcalqueiret;2018;3,60
83201;Tourves;2018;3,00
83202;Rocbaron;2018;2,80
83203;Pourrières;2018;3,40
83204;Garéoult;2018;3,30
83205;Pierrefeu-du-Var;2018;1,70
83206;Salernes;2018;2,20
83207;Saint-Tropez;2018;3,40
83208;Lorgues;2018;2,40
83209;Montauroux;2018;3,60
83301;La Londe-les-Maures;2018;3,50
83302;Cavalaire-sur-Mer;2018;3,60
83303;Fayence;2018;3,80
83304;Cogolin;2018;3,80
83305;Vidauban;2018;3,10
83306;Roquebrune-sur-Argens;2018;2,60
83307;Bormes-les-Mimosas-Le Lavandou;2018;4,60
83308;Gonfaron;2018;2,70
83309;Le Luc;2018;2,70
83310;Saint-Maximin-la-Sainte-Baume;2018;4,20
83311;Sainte-Maxime;2018;4,30
83401;Brignoles;2018;3,30
83501;Draguignan;2018;3,80
83502;Fréjus;2018;3,80
84101;Mérindol;2018;2,20
84102;La Motte-d'Aigues;2018;3,10
84103;Sainte-Cécile-les-Vignes;2018;3,10
84104;Sérignan-du-Comtat;2018;2,60
84105;Bédoin;2018;2,00
84106;Villelaure;2018;3,60
84107;Saint-Saturnin-lès-Apt;2018;3,60
84108;Mondragon;2018;2,40
84109;Lapalud;2018;2,90
84110;Malaucène;2018;4,20
84111;Caumont-sur-Durance;2018;5,70
84201;La Tour-d'Aigues;2018;4,30
84202;Camaret-sur-Aigues;2018;2,60
84203;Piolenc;2018;2,90
84204;Vaison-la-Romaine;2018;4,70
84205;Valréas;2018;4,00
84301;Cadenet;2018;3,20
84302;Bollène;2018;2,40
84303;Apt;2018;4,40
84401;Pertuis;2018;4,80
85101;Moutiers-les-Mauxfaits;2018;2,60
85102;Saint-Mathurin;2018;4,00
85103;Saint-Michel-en-l'Herm;2018;2,80
85104;Landevieille;2018;2,80
85105;Longeville-sur-Mer;2018;3,20
85106;L'Île-d'Olonne;2018;3,80
85107;L'Aiguillon-sur-Mer;2018;2,80
85108;Mareuil-sur-Lay-Dissais;2018;2,80
85109;Angles;2018;3,10
85110;Les Epesses;2018;2,50
85111;Nesmy;2018;2,70
85112;La Tranche-sur-Mer;2018;3,20
85113;Sainte-Hermine;2018;2,00
85114;L'Épine;2018;3,10
85115;La Gaubretière;2018;2,90
85116;L'Herbergement;2018;3,80
85117;Coëx;2018;3,00
85118;Treize-Septiers;2018;4,50
85119;Rocheservière;2018;3,00
85120;Bournezeau;2018;3,00
85121;Saint-Philbert-de-Bouaine;2018;3,40
85122;Les Lucs-sur-Boulogne;2018;2,90
85123;Commequiers;2018;2,80
85124;Chavagnes-en-Paillers;2018;2,70
85125;Saint-Laurent-sur-Sèvre;2018;2,20
85126;La Chaize-le-Vicomte;2018;3,50
85127;Saint-Fulgent;2018;2,10
85128;La Châtaigneraie;2018;2,80
85129;Beauvoir-sur-Mer;2018;3,60
85130;La Bruffière;2018;3,30
85131;Jard-sur-Mer;2018;2,40
85132;Benet;2018;2,40
85133;Dompierre-sur-Yon;2018;3,20
85134;Venansault;2018;4,90
85135;Noirmoutier-en-l'Île;2018;3,20
85136;L'Île-d'Yeu;2018;3,60
85137;Mouilleron-le-Captif;2018;4,00
85138;La Garnache;2018;3,20
85201;Les Achards;2018;3,40
85202;La Ferrière;2018;3,70
85203;Pouzauges;2018;2,00
85204;Chanverrie;2018;3,10
85205;Mortagne-sur-Sèvre;2018;3,20
85206;Bellevigny;2018;3,30
85207;Sèvremont;2018;2,40
85208;Aubigny-Les Clouzeaux;2018;2,70
85209;Bretignolles-sur-Mer;2018;2,50
85210;Talmont-Saint-Hilaire;2018;2,80
85211;Chantonnay;2018;2,40
85212;Le Poiré-sur-Vie;2018;2,70
85213;Essarts en Bocage;2018;2,50
85214;Aizenay;2018;3,20
85215;Luçon;2018;2,70
85301;Les Herbiers;2018;2,60
85302;Fontenay-le-Comte;2018;3,00
85401;Montaigu-Vendée;2018;4,10
85402;Challans;2018;3,50
85403;Saint-Hilaire-de-Riez;2018;3,40
85404;Les Sables-d'Olonne;2018;4,10
85501;La Roche-sur-Yon;2018;4,00
86101;Quinçay;2018;3,50
86102;Mirebeau;2018;3,50
86103;Lencloître;2018;4,20
86104;Lusignan;2018;3,30
86105;Saint-Julien-l'Ars;2018;4,10
86106;Nieuil-l'Espoir;2018;3,50
86107;Nouaillé-Maupertuis;2018;3,00
86108;Iteuil;2018;3,50
86109;Dangé-Saint-Romain;2018;2,00
86110;Gençay;2018;4,50
86111;Lussac-les-Châteaux;2018;3,20
86112;Montamisé;2018;4,10
86113;Vouillé;2018;3,00
86114;Civray;2018;3,50
86115;Saint-Georges-lès-Baillargeaux;2018;4,20
86116;Vivonne;2018;4,40
86117;Mignaloux-Beauvoir;2018;4,60
86118;Fontaine-le-Comte;2018;4,60
86201;Neuville-de-Poitou;2018;3,80
86202;Montmorillon;2018;5,10
86203;Ligugé;2018;3,60
86204;Loudun;2018;2,70
86205;Chauvigny;2018;4,40
86401;Châtellerault;2018;4,40
86601;Poitiers;2018;4,70
87101;Bosmie-l'Aiguille;2018;2,90
87102;Saint-Priest-Taurion;2018;2,80
87103;Rochechouart;2018;4,10
87104;Saint-Léonard-de-Noblat;2018;3,80
87105;Rilhac-Rancon;2018;4,60
87106;Bellac;2018;2,10
87201;Ambazac;2018;3,20
87202;Saint-Yrieix-la-Perche;2018;5,10
87203;Aixe-sur-Vienne;2018;3,60
87301;Saint-Junien;2018;4,20
87601;Limoges;2018;5,20
88101;Liffol-le-Grand;2018;3,80
88102;Vincey;2018;2,70
88103;Pouxeux;2018;4,60
88104;Granges-Aumontzey;2018;3,60
88105;Arches;2018;4,10
88106;Ban-de-Laveline;2018;2,80
88107;Contrexéville;2018;5,20
88108;Uxegney;2018;3,90
88109;Nomexy;2018;3,30
88110;Le Val-d'Ajol;2018;2,10
88111;Bruyères;2018;3,70
88201;Vittel;2018;4,40
88202;Rambervillers;2018;2,20
88203;Charmes;2018;3,40
88204;Neufchâteau;2018;4,00
88205;Mirecourt;2018;4,40
88206;Gérardmer;2018;3,10
88301;Moyenmoutier;2018;3,90
88302;La Bresse;2018;3,30
88303;Vagney;2018;3,40
88304;Le Thillot;2018;2,80
88401;Remiremont;2018;4,40
88402;Saint-Dié-des-Vosges;2018;3,60
88501;Épinal;2018;4,20
89101;Champigny;2018;1,30
89102;Chablis;2018;2,00
89103;Toucy;2018;2,20
89104;Saint-Julien-du-Sault;2018;1,80
89105;Appoigny;2018;3,70
89106;Brienon-sur-Armançon;2018;3,10
89107;Pont-sur-Yonne;2018;2,40
89108;Villeneuve-la-Guyard;2018;2,20
89109;Saint-Florentin;2018;2,90
89201;Tonnerre;2018;4,10
89202;Villeneuve-sur-Yonne;2018;2,00
89203;Avallon;2018;2,80
89204;Joigny;2018;1,90
89301;Migennes;2018;2,40
89401;Sens;2018;3,10
89402;Auxerre;2018;3,30
90101;Rougemont-le-Château;2018;3,70
90102;Roppe;2018;4,30
90103;Étueffont;2018;3,40
90201;Giromagny;2018;1,90
90301;Delle (partie française);2018;1,80
91101;Pussay;2018;2,70
91102;Vert-le-Grand;2018;2,50
91103;Maisse;2018;2,70
91104;Vert-le-Petit;2018;2,10
91105;Briis-sous-Forges;2018;2,30
91106;Boissy-sous-Saint-Yon;2018;2,90
91107;Tigery;2018;4,10
91108;Angerville;2018;2,40
91201;Boutigny-sur-Essonne;2018;2,90
91202;Milly-la-Forêt;2018;2,60
91203;Le Mérévillois;2018;2,80
91204;Saint-Chéron;2018;2,50
91205;Marolles-en-Hurepoix;2018;2,40
91206;La Ferté-Alais;2018;2,60
91301;Limours;2018;2,30
91302;Dourdan;2018;2,40
91303;Ballancourt-sur-Essonne;2018;2,10
91304;Étréchy;2018;2,50
91401;Étampes;2018;2,50
95101;Saint-Witz;2018;2,00
95102;Vémars;2018;2,30
95103;Saint-Martin-du-Tertre;2018;1,70
95104;Belloy-en-France;2018;3,40
95105;Marines;2018;1,50
95106;Presles;2018;2,80
95107;Bruyères-sur-Oise;2018;2,80
95201;Menucourt;2018;3,00
95202;Magny-en-Vexin;2018;1,90
95203;Montsoult;2018;3,00
95301;Louvres;2018;2,00
95302;Viarmes;2018;2,90
95303;Fosses;2018;2,20
9A101;Anse-Bertrand;2018;1,60
9A201;Grand-Bourg;2018;3,30
9A202;Port-Louis;2018;1,80
9A203;Pointe-Noire;2018;2,50
9A204;Bouillante;2018;1,90
9A301;Sainte-Rose;2018;1,60
9A401;Capesterre-Belle-Eau;2018;1,90
9A501;Basse-Terre;2018;2,80
9A701;Pointe-à-Pitre-Les Abymes;2018;2,90
9B101;Basse-Pointe;2018;1,60
9B102;Le Carbet;2018;2,40
9B103;Saint-Pierre;2018;2,50
9B201;Le Morne-Rouge;2018;2,50
9B202;Le Diamant;2018;2,50
9B203;Le Lorrain;2018;2,20
9B204;Les Trois-Îlets;2018;2,10
9B401;Sainte-Marie;2018;2,70
9B402;Le Lamentin;2018;3,50
9B601;Fort-de-France;2018;2,80
9B602;Le Robert;2018;2,50
9C101;Sinnamary;2018;2,20
9C102;Saint-Georges;2018;1,70
9C301;Mana;2018;0,70
9C302;Maripasoula;2018;0,00
9C303;Macouria;2018;2,00
9C401;Kourou;2018;3,20
9C402;Saint-Laurent-du-Maroni;2018;2,10
9C601;Cayenne;2018;2,60
9D201;Cilaos;2018;2,10
9D202;Sainte-Rose;2018;3,50
9D203;La Plaine-des-Palmistes;2018;3,00
9D204;Les Trois-Bassins;2018;4,70
9D301;Bras-Panon;2018;4,20
9D401;Sainte-Suzanne;2018;3,10
9D402;L'Étang-Salé;2018;3,10
9D403;Saint-Leu;2018;4,20
9D404;Saint-Benoît;2018;3,50
9D405;Saint-Joseph;2018;4,50
9D501;Saint-Louis;2018;7,00
9D502;Saint-André;2018;4,20
9D601;Saint-Pierre;2018;4,60
9D602;Saint-Paul;2018;5,60
9D603;Saint-Denis;2018;4,40
9F201;Acoua;2018;
9F202;Kani-Kéli;2018;
9F203;Bouéni;2018;
9F204;M'Tsangamouji;2018;
9F205;Mtsamboro;2018;
9F206;Chiconi;2018;
9F207;Chirongui;2018;
9F301;Ouangani;2018;
9F302;Bandrele;2018;
9F303;Sada;2018;
9F304;Tsingoni;2018;
9F305;Bandraboua;2018;
9F306;Dembeni;2018;
9F401;Dzaoudzi;2018;
9F601;Mamoudzou;2018;
